ID_B,Firstname,Lastname,BirthDate,Street,HouseNumber,ZipCode,City,EmailAddress,PhoneNumber,LastUpdated
801,Felix,Schäfer,1982-02-13,Dorfstraße,52.0,88116,Dresden,z801@example.com,+49 530 6227389,2025-04-18 14:28:46
802,Sophie,Bauer,1973-09-01,Schulstraße,15.0,66563,München,w802@example.com,+49 904 9361693,2025-05-24 14:28:46
803,Andreas,Schulz,1992-04-28,Lindenallee,84.0,54757,Berlin,x803@example.com,+49 480 8779334,2025-05-10 14:28:46
804,David,Klein,1989-11-06,Hauptstraße,131.0,87475,München,w804@example.com,+49 813 1532460,2025-06-09 14:28:46
805,Anna,Müller,1998-09-05,Lindenallee,37.0,61257,München,z805@example.com,+49 438 2345920,2025-03-04 14:28:46
806,Lisa,Richter,1978-03-06,Schulstraße,126.0,10307,Köln,z806@example.com,+49 963 3450947,2024-08-23 14:28:46
807,Sarah,Müller,1986-10-22,Schulstraße,40.0,66889,Köln,z807@example.com,+49 157 5471188,2025-04-22 14:28:46
808,Michael,Schneider,1959-12-24,Gartenstraße,72.0,78895,München,z808@example.com,+49 894 7583744,2025-02-09 14:28:46
809,Maria,Schneider,1980-06-02,Lindenallee,40.0,45944,Essen,v809@example.com,+49 173 8887754,2025-06-29 14:28:46
810,Lisa,Hoffmann,1964-08-08,Waldstraße,56.0,48134,Dresden,v810@example.com,+49 285 4224451,2025-01-12 14:28:46
811,Julia,Becker,1954-05-12,Schulstraße,104.0,37323,Leipzig,z811@example.com,+49 961 5195637,2024-07-16 14:28:46
812,Anna,Klein,1964-01-22,Hauptstraße,139.0,81762,Leipzig,z812@example.com,+49 936 7401806,2025-05-11 14:28:46
813,Paul,Hoffmann,1963-09-26,Bergstraße,110.0,97225,Hannover,x813@example.com,+49 948 1211652,2025-01-31 14:28:46
814,Paul,Müller,1973-07-16,Wiesenweg,136.0,35954,Hannover,w814@example.com,+49 224 5176895,2024-11-18 14:28:46
815,Anna,Bauer,1979-01-02,Gartenstraße,93.0,65021,Berlin,x815@example.com,+49 494 8431651,2024-11-07 14:28:46
816,Michael,Schmidt,1991-06-04,Bergstraße,94.0,99959,Düsseldorf,z816@example.com,+49 353 1562209,2025-06-25 14:28:46
817,Laura,Schmidt,1995-09-21,Gartenstraße,56.0,89866,Bremen,v817@example.com,+49 303 8731522,2025-01-18 14:28:46
818,Lisa,Schneider,1967-12-09,Hauptstraße,60.0,80427,Hamburg,y818@example.com,+49 852 2576392,2025-03-21 14:28:46
819,Max,Bauer,1987-09-19,Kirchstraße,138.0,14992,Berlin,v819@example.com,+49 633 4497162,2024-10-04 14:28:46
820,Felix,Meyer,1961-07-21,Lindenallee,39.0,11961,München,v820@example.com,+49 584 7528399,2025-03-20 14:28:46
821,Maria,Müller,1974-06-19,Bahnhofstraße,28.0,22497,Köln,v821@example.com,+49 797 6236326,2025-03-24 14:28:46
822,Laura,Schmidt,1991-02-17,Waldstraße,49.0,42551,Hannover,y822@example.com,+49 430 3661058,2024-09-30 14:28:46
823,Max,Bauer,1966-07-08,Bergstraße,125.0,86384,Stuttgart,z823@example.com,+49 744 1707762,2024-10-12 14:28:46
824,Sarah,Klein,1983-07-12,Lindenallee,13.0,65755,Essen,z824@example.com,+49 862 9739692,2025-02-24 14:28:46
825,David,Bauer,1972-08-26,Waldstraße,36.0,23255,Nürnberg,z825@example.com,+49 225 5249882,2024-09-29 14:28:46
826,Maria,Müller,1980-10-01,Kirchstraße,101.0,14567,Frankfurt,v826@example.com,+49 592 6013251,2024-11-01 14:28:46
827,Maria,Weber,1982-03-15,Bahnhofstraße,26.0,58847,Nürnberg,w827@example.com,+49 303 7046955,2024-08-22 14:28:46
828,Paul,Bauer,1960-04-03,Waldstraße,86.0,58003,Köln,w828@example.com,+49 153 4653880,2025-04-25 14:28:46
829,Michael,Bauer,1982-11-09,Waldstraße,4.0,30389,Leipzig,x829@example.com,+49 215 4958849,2024-07-16 14:28:46
830,David,Wagner,1963-03-06,Bergstraße,82.0,54523,Bremen,w830@example.com,+49 748 8284023,2024-07-14 14:28:46
831,Felix,Becker,1960-06-20,Dorfstraße,127.0,71576,Dresden,v831@example.com,+49 432 1252794,2024-07-29 14:28:46
832,Thomas,Hoffmann,1995-02-22,Bahnhofstraße,88.0,53919,Nürnberg,z832@example.com,+49 271 5632190,2025-06-27 14:28:46
833,Max,Müller,1964-07-26,Lindenallee,127.0,92103,Köln,w833@example.com,+49 698 3007387,2024-12-26 14:28:46
834,Paul,Wagner,1971-12-04,Kirchstraße,120.0,13358,Hannover,y834@example.com,+49 505 5078362,2024-09-11 14:28:46
835,Maria,Bauer,1980-11-16,Bahnhofstraße,22.0,98535,Essen,y835@example.com,+49 109 1704531,2024-08-01 14:28:46
836,Laura,Weber,1980-04-19,Hauptstraße,130.0,86524,Dresden,z836@example.com,+49 695 8973718,2024-10-10 14:28:46
837,Lena,Hoffmann,1960-11-27,Dorfstraße,31.0,15698,Hannover,w837@example.com,+49 804 3600333,2025-06-14 14:28:46
838,Paul,Müller,1976-01-08,Hauptstraße,119.0,76809,Hamburg,v838@example.com,+49 480 2501223,2025-02-26 14:28:46
839,Max,Schneider,1952-03-19,Kirchstraße,11.0,65805,München,v839@example.com,+49 354 3645741,2025-04-10 14:28:46
840,Max,Wagner,1987-03-05,Bergstraße,46.0,41349,Stuttgart,w840@example.com,+49 611 2533463,2025-06-06 14:28:46
841,Lena,Hoffmann,1990-09-02,Bergstraße,96.0,86777,Leipzig,x841@example.com,+49 802 6677780,2025-02-11 14:28:46
842,Michael,Müller,1986-03-02,Kirchstraße,10.0,60248,Leipzig,x842@example.com,+49 877 2007511,2025-03-26 14:28:46
843,Stefan,Wagner,1960-05-06,Gartenstraße,128.0,85033,Bremen,y843@example.com,+49 161 6964596,2024-07-15 14:28:46
844,Maria,Weber,1983-07-20,Kirchstraße,99.0,54041,Dortmund,z844@example.com,+49 760 3582322,2024-08-24 14:28:46
845,David,Müller,1986-11-01,Dorfstraße,112.0,41954,Düsseldorf,y845@example.com,+49 818 9998515,2025-02-18 14:28:46
846,Lisa,Müller,1996-12-22,Schulstraße,60.0,18002,Hannover,z846@example.com,+49 910 2801733,2025-06-09 14:28:46
847,Sarah,Richter,1968-02-07,Bergstraße,87.0,79783,Hamburg,z847@example.com,+49 228 9184645,2024-11-10 14:28:46
848,Thomas,Müller,1978-10-16,Wiesenweg,145.0,97234,Leipzig,z848@example.com,+49 338 6314007,2024-08-05 14:28:46
849,Michael,Schäfer,1980-03-08,Dorfstraße,65.0,29738,Düsseldorf,z849@example.com,+49 671 6827024,2025-07-02 14:28:46
850,Stefan,Schulz,1976-10-05,Dorfstraße,57.0,20703,Leipzig,v850@example.com,+49 924 8360481,2025-06-02 14:28:46
851,Julia,Schäfer,2000-10-27,Dorfstraße,106.0,59422,Dresden,w851@example.com,+49 850 4237420,2024-12-20 14:28:46
852,Sarah,Bauer,1999-03-20,Waldstraße,9.0,93106,München,z852@example.com,+49 121 7337911,2024-08-02 14:28:46
853,Maria,Schneider,1992-09-09,Dorfstraße,22.0,71899,Düsseldorf,w853@example.com,+49 466 3260430,2025-02-18 14:28:46
854,Michael,Klein,1960-12-22,Bergstraße,141.0,22392,Essen,z854@example.com,+49 356 1662507,2024-08-01 14:28:46
855,Felix,Bauer,1971-08-20,Schulstraße,89.0,54724,Hannover,v855@example.com,+49 596 8340032,2024-08-03 14:28:46
856,Thomas,Weber,1987-02-08,Schulstraße,18.0,42299,Dortmund,v856@example.com,+49 672 5944490,2025-01-03 14:28:46
857,Paul,Schäfer,1974-07-05,Dorfstraße,115.0,25641,München,w857@example.com,+49 655 9222379,2025-05-12 14:28:46
858,Lena,Hoffmann,1956-01-07,Hauptstraße,145.0,89534,Nürnberg,w858@example.com,+49 294 4131076,2025-06-27 14:28:46
859,Anna,Koch,1983-09-22,Bergstraße,143.0,16305,Essen,y859@example.com,+49 656 6832845,2025-02-07 14:28:46
860,Julia,Schulz,1976-03-20,Bergstraße,106.0,28782,Stuttgart,y860@example.com,+49 431 8858359,2024-08-08 14:28:46
861,Sophie,Meyer,1956-03-16,Bahnhofstraße,15.0,88257,Hamburg,x861@example.com,+49 381 3690116,2024-12-21 14:28:46
862,Andreas,Koch,1989-10-02,Lindenallee,63.0,87963,Hamburg,y862@example.com,+49 170 9911007,2025-03-10 14:28:46
863,Michael,Schulz,2000-09-17,Gartenstraße,13.0,30566,Frankfurt,y863@example.com,+49 258 8539415,2024-12-24 14:28:46
864,Max,Becker,1998-02-03,Gartenstraße,81.0,77766,Frankfurt,z864@example.com,+49 402 5418267,2024-10-19 14:28:46
865,Lisa,Becker,1980-11-05,Hauptstraße,32.0,16511,Hannover,x865@example.com,+49 654 7159129,2024-07-08 14:28:46
866,Anna,Müller,1988-09-27,Gartenstraße,137.0,36177,Düsseldorf,y866@example.com,+49 564 1012076,2025-05-17 14:28:46
867,Michael,Bauer,1950-11-21,Bahnhofstraße,40.0,14765,Dresden,y867@example.com,+49 894 9488562,2025-01-26 14:28:46
868,Michael,Schulz,1977-09-14,Kirchstraße,148.0,30354,Hamburg,w868@example.com,+49 488 4112748,2024-10-31 14:28:46
869,Laura,Meyer,1973-01-23,Gartenstraße,82.0,33929,Bremen,x869@example.com,+49 119 7108168,2024-09-04 14:28:46
870,Stefan,Schulz,1983-07-08,Bergstraße,77.0,38820,Nürnberg,x870@example.com,+49 894 5006173,2024-10-07 14:28:46
871,Sarah,Schneider,1980-07-12,Kirchstraße,76.0,39523,Hannover,x871@example.com,+49 428 2062698,2025-05-22 14:28:46
872,Laura,Koch,1987-12-25,Gartenstraße,38.0,81088,Düsseldorf,w872@example.com,+49 774 7501017,2025-04-02 14:28:46
873,Anna,Schneider,1994-10-04,Bergstraße,71.0,76163,Frankfurt,v873@example.com,+49 294 9792431,2025-03-27 14:28:46
874,David,Meyer,1977-03-09,Bergstraße,48.0,87525,Nürnberg,x874@example.com,+49 799 9347489,2024-10-23 14:28:46
875,Paul,Schulz,1980-04-28,Dorfstraße,18.0,23780,Stuttgart,x875@example.com,+49 884 3585897,2024-11-14 14:28:46
876,Laura,Wagner,1955-05-20,Schulstraße,144.0,16589,Leipzig,w876@example.com,+49 727 5750117,2024-09-22 14:28:46
877,Max,Richter,1984-07-09,Hauptstraße,39.0,44812,Essen,v877@example.com,+49 430 7875379,2024-07-07 14:28:46
878,Julia,Bauer,1962-01-23,Bahnhofstraße,89.0,55939,Hannover,x878@example.com,+49 756 6402667,2025-06-25 14:28:46
879,Sophie,Schneider,1997-01-19,Waldstraße,62.0,61493,Nürnberg,x879@example.com,+49 213 2614912,2025-06-16 14:28:46
880,Sarah,Schneider,1983-02-17,Lindenallee,141.0,50953,Dresden,z880@example.com,+49 635 2118702,2025-03-02 14:28:46
881,Lena,Schmidt,1950-07-21,Gartenstraße,109.0,75785,Köln,v881@example.com,+49 144 3177250,2024-10-08 14:28:46
882,Thomas,Schulz,1963-12-26,Gartenstraße,81.0,29309,Hannover,y882@example.com,+49 282 1524686,2025-01-31 14:28:46
883,Sophie,Bauer,1970-07-12,Kirchstraße,134.0,64195,Düsseldorf,x883@example.com,+49 306 2796087,2025-01-17 14:28:46
884,Sophie,Klein,1956-03-14,Kirchstraße,77.0,35901,Stuttgart,w884@example.com,+49 597 4214793,2024-10-29 14:28:46
885,Thomas,Schneider,1991-10-09,Lindenallee,90.0,33576,Essen,z885@example.com,+49 201 1533803,2024-12-17 14:28:46
886,Laura,Schäfer,1966-09-14,Gartenstraße,14.0,41508,Hamburg,y886@example.com,+49 684 7519606,2025-04-17 14:28:46
887,Anna,Weber,1986-06-20,Wiesenweg,95.0,84711,Leipzig,y887@example.com,+49 773 9219319,2025-06-27 14:28:46
888,Thomas,Richter,1967-11-13,Bahnhofstraße,54.0,35464,Essen,z888@example.com,+49 638 5293936,2025-01-10 14:28:46
889,Paul,Richter,1998-04-14,Gartenstraße,132.0,70281,Dortmund,w889@example.com,+49 150 7146400,2024-07-21 14:28:46
890,Paul,Schulz,1985-09-16,Schulstraße,39.0,26260,Frankfurt,y890@example.com,+49 326 2189067,2025-01-07 14:28:46
891,Maria,Becker,1961-06-18,Lindenallee,72.0,45440,Essen,y891@example.com,+49 113 4502044,2025-01-06 14:28:46
892,Felix,Schmidt,1985-08-09,Wiesenweg,25.0,66683,Köln,v892@example.com,+49 771 9244416,2024-08-20 14:28:46
893,David,Schneider,1969-10-12,Bahnhofstraße,77.0,51430,Stuttgart,y893@example.com,+49 952 2341452,2025-02-02 14:28:46
894,Julia,Schmidt,1999-12-13,Gartenstraße,120.0,11987,Leipzig,x894@example.com,+49 579 2018380,2025-03-08 14:28:46
895,Lisa,Becker,1997-03-28,Waldstraße,53.0,35105,Bremen,x895@example.com,+49 469 7978536,2024-10-23 14:28:46
896,Laura,Meyer,1992-02-24,Dorfstraße,131.0,88484,München,z896@example.com,+49 941 7191944,2025-02-15 14:28:46
897,Sarah,Meyer,1964-08-26,Schulstraße,96.0,23026,Essen,z897@example.com,+49 913 1978112,2025-06-05 14:28:46
898,Lena,Koch,1994-03-04,Waldstraße,72.0,78309,Bremen,w898@example.com,+49 943 5459646,2024-08-20 14:28:46
899,David,Klein,1963-09-13,Kirchstraße,62.0,55927,Bremen,w899@example.com,+49 641 1682046,2025-02-25 14:28:46
900,Thomas,Schulz,2000-06-26,Kirchstraße,6.0,85414,Berlin,v900@example.com,+49 851 2180916,2024-12-20 14:28:46
901,Felix,Becker,1985-10-23,Gartenstraße,32.0,67535,Köln,z901@example.com,+49 954 6098672,2025-06-21 14:28:46
902,Lisa,Fischer,1993-12-02,Kirchstraße,99.0,52946,Köln,v902@example.com,+49 179 4622201,2024-09-25 14:28:46
903,Sarah,Klein,1960-07-21,Schulstraße,138.0,66561,Berlin,w903@example.com,+49 631 2629390,2025-02-13 14:28:46
904,Julia,Koch,1950-02-27,Bahnhofstraße,131.0,20377,Dortmund,y904@example.com,+49 203 4875838,2025-03-13 14:28:46
905,Andreas,Fischer,1959-08-20,Bergstraße,76.0,63592,München,v905@example.com,+49 644 7464782,2025-04-20 14:28:46
906,Stefan,Schulz,1977-02-03,Hauptstraße,59.0,17347,Frankfurt,y906@example.com,+49 294 4240006,2025-01-13 14:28:46
907,Julia,Müller,1966-04-12,Lindenallee,31.0,43776,Stuttgart,v907@example.com,+49 638 5173551,2024-12-17 14:28:46
908,Stefan,Bauer,1955-10-02,Bahnhofstraße,93.0,13783,Leipzig,v908@example.com,+49 683 4001408,2024-08-04 14:28:46
909,Laura,Schmidt,1996-07-13,Bergstraße,69.0,65798,Stuttgart,w909@example.com,+49 671 7965641,2025-04-27 14:28:46
910,Thomas,Schmidt,1989-11-17,Wiesenweg,52.0,14298,München,v910@example.com,+49 864 2770234,2025-05-23 14:28:46
911,Andreas,Bauer,1968-12-20,Schulstraße,89.0,80204,Stuttgart,w911@example.com,+49 884 7005628,2024-12-23 14:28:46
912,David,Bauer,1953-03-21,Waldstraße,127.0,96207,Berlin,v912@example.com,+49 790 8696054,2024-10-13 14:28:46
913,Anna,Meyer,1981-08-01,Bergstraße,31.0,65161,Köln,v913@example.com,+49 819 8165129,2024-07-24 14:28:46
914,David,Klein,1962-11-26,Schulstraße,84.0,70652,Stuttgart,z914@example.com,+49 206 3798595,2024-08-27 14:28:46
915,David,Fischer,1983-05-07,Dorfstraße,127.0,44484,Düsseldorf,z915@example.com,+49 911 4026551,2024-08-20 14:28:46
916,Julia,Bauer,1952-10-17,Waldstraße,132.0,30922,Bremen,w916@example.com,+49 663 7737011,2024-07-20 14:28:46
917,Stefan,Schäfer,1983-12-08,Kirchstraße,13.0,44028,Hannover,v917@example.com,+49 616 6662526,2025-03-12 14:28:46
918,Anna,Hoffmann,1989-03-22,Kirchstraße,45.0,30316,Bremen,y918@example.com,+49 773 3653760,2024-12-05 14:28:46
919,Anna,Bauer,1952-06-08,Waldstraße,127.0,86996,Essen,x919@example.com,+49 646 8432510,2025-03-05 14:28:46
920,Laura,Schneider,1991-01-06,Wiesenweg,114.0,26968,München,w920@example.com,+49 460 6287423,2024-09-16 14:28:46
921,Sarah,Schneider,1955-05-25,Wiesenweg,20.0,40266,Dortmund,z921@example.com,+49 663 6446792,2025-04-19 14:28:46
922,Lisa,Schneider,1975-06-22,Wiesenweg,81.0,34000,Dresden,z922@example.com,+49 965 7236418,2024-11-30 14:28:46
923,Michael,Meyer,1975-07-19,Bergstraße,129.0,24011,Dresden,w923@example.com,+49 522 8224069,2025-01-28 14:28:46
924,Sophie,Richter,1962-09-01,Lindenallee,143.0,12866,Düsseldorf,z924@example.com,+49 945 6426605,2024-08-31 14:28:46
925,Sarah,Becker,1997-12-03,Bergstraße,17.0,15898,Nürnberg,y925@example.com,+49 723 5038654,2025-01-19 14:28:46
926,Sophie,Schäfer,1955-09-10,Gartenstraße,58.0,28395,Berlin,z926@example.com,+49 676 4589118,2024-11-19 14:28:46
927,Julia,Wagner,1996-09-19,Hauptstraße,72.0,49019,Hamburg,x927@example.com,+49 484 5262908,2024-10-02 14:28:46
928,Michael,Richter,1972-06-27,Waldstraße,109.0,14006,Berlin,x928@example.com,+49 468 8590070,2025-04-30 14:28:46
929,Lisa,Fischer,1967-04-20,Bahnhofstraße,23.0,44393,Bremen,v929@example.com,+49 558 7662074,2025-03-23 14:28:46
930,Michael,Schäfer,1962-08-13,Hauptstraße,72.0,20956,Dortmund,y930@example.com,+49 100 1581546,2024-08-06 14:28:46
931,Laura,Koch,1986-01-09,Dorfstraße,8.0,60042,Dortmund,z931@example.com,+49 391 1273509,2025-04-27 14:28:46
932,David,Fischer,1961-07-17,Bergstraße,59.0,16078,Düsseldorf,z932@example.com,+49 630 3266362,2024-09-12 14:28:46
933,Julia,Schäfer,1956-09-03,Bergstraße,111.0,39631,Essen,w933@example.com,+49 409 1110206,2024-10-02 14:28:46
934,Anna,Hoffmann,1982-05-11,Schulstraße,13.0,72901,München,v934@example.com,+49 407 4722641,2024-07-21 14:28:46
935,Paul,Klein,1957-09-09,Hauptstraße,16.0,79497,Hannover,x935@example.com,+49 319 6283223,2025-03-25 14:28:46
936,Julia,Schäfer,1984-10-09,Schulstraße,119.0,51574,Frankfurt,w936@example.com,+49 122 5629792,2025-04-27 14:28:46
937,Stefan,Schäfer,1994-08-13,Bahnhofstraße,2.0,41417,Köln,w937@example.com,+49 666 9577712,2025-01-29 14:28:46
938,Sophie,Richter,1986-08-25,Schulstraße,145.0,98020,Düsseldorf,z938@example.com,+49 669 3595683,2024-07-19 14:28:46
939,Andreas,Schäfer,1965-06-25,Hauptstraße,30.0,93639,Nürnberg,x939@example.com,+49 196 1633110,2024-07-10 14:28:46
940,Lisa,Schmidt,1979-11-15,Waldstraße,103.0,75006,Dortmund,w940@example.com,+49 571 6966913,2024-10-11 14:28:46
941,Lena,Richter,1987-01-16,Dorfstraße,13.0,49454,Dresden,z941@example.com,+49 259 3322104,2025-04-28 14:28:46
942,Michael,Müller,1957-05-03,Bergstraße,96.0,11587,Hamburg,v942@example.com,+49 371 7158628,2024-11-28 14:28:46
943,Lisa,Schulz,1974-11-26,Bahnhofstraße,94.0,64710,Hannover,y943@example.com,+49 696 5191903,2025-04-23 14:28:46
944,Sarah,Koch,1964-11-23,Bergstraße,82.0,96567,Leipzig,x944@example.com,+49 338 5299058,2024-08-05 14:28:46
945,Lena,Klein,1964-06-14,Gartenstraße,13.0,85886,Dortmund,v945@example.com,+49 930 6038238,2024-09-20 14:28:46
946,Laura,Koch,1972-09-18,Dorfstraße,94.0,28816,Essen,z946@example.com,+49 194 7707501,2025-04-17 14:28:46
947,Julia,Schmidt,1950-12-27,Lindenallee,149.0,95824,Nürnberg,y947@example.com,+49 682 4647992,2025-01-25 14:28:46
948,Sarah,Bauer,1966-04-10,Schulstraße,112.0,39432,Essen,w948@example.com,+49 851 2295227,2025-06-02 14:28:46
949,Stefan,Becker,1955-07-22,Kirchstraße,55.0,58617,Dortmund,v949@example.com,+49 840 6447428,2024-09-24 14:28:46
950,Andreas,Klein,1997-06-03,Hauptstraße,81.0,82373,Nürnberg,w950@example.com,+49 911 9095563,2024-10-07 14:28:46
951,Thomas,Schulz,1985-03-16,Bergstraße,116.0,44217,Essen,w951@example.com,+49 277 9191918,2025-05-07 14:28:46
952,Lena,Fischer,1970-06-07,Schulstraße,143.0,30884,Nürnberg,y952@example.com,+49 945 2599943,2025-04-03 14:28:46
953,Stefan,Becker,1986-05-06,Bahnhofstraße,108.0,15454,Düsseldorf,y953@example.com,+49 709 6039762,2025-01-25 14:28:46
954,Julia,Schulz,1997-11-07,Bergstraße,53.0,84960,Dortmund,w954@example.com,+49 138 7401281,2025-04-23 14:28:46
955,Sarah,Hoffmann,1981-12-07,Lindenallee,128.0,53618,Dortmund,w955@example.com,+49 180 1938227,2025-06-21 14:28:46
956,Anna,Hoffmann,1965-12-08,Dorfstraße,57.0,93948,Nürnberg,y956@example.com,+49 889 6610127,2025-01-24 14:28:46
957,Julia,Weber,1966-04-08,Dorfstraße,52.0,72671,München,z957@example.com,+49 456 8286418,2024-12-07 14:28:46
958,Felix,Bauer,1962-04-27,Bergstraße,137.0,57111,Köln,x958@example.com,+49 526 3022334,2024-12-08 14:28:46
959,Laura,Richter,1989-06-05,Bahnhofstraße,111.0,49613,Hamburg,w959@example.com,+49 990 4803691,2025-02-01 14:28:46
960,Max,Wagner,1999-02-04,Dorfstraße,1.0,95678,Essen,y960@example.com,+49 865 1191837,2024-11-22 14:28:46
961,Laura,Hoffmann,1955-11-22,Dorfstraße,44.0,69993,München,v961@example.com,+49 749 7417066,2024-08-14 14:28:46
962,Michael,Fischer,1981-10-01,Lindenallee,75.0,18848,Bremen,v962@example.com,+49 155 6113416,2025-02-16 14:28:46
963,Paul,Müller,1998-09-02,Hauptstraße,98.0,88672,Bremen,z963@example.com,+49 636 1690923,2025-04-20 14:28:46
964,Max,Schneider,1980-06-20,Bahnhofstraße,9.0,76125,Frankfurt,z964@example.com,+49 426 3509536,2025-04-01 14:28:46
965,Andreas,Weber,1970-08-19,Bahnhofstraße,32.0,96444,Frankfurt,v965@example.com,+49 434 9428900,2025-05-13 14:28:46
966,Michael,Schneider,1967-08-06,Waldstraße,15.0,71602,Stuttgart,z966@example.com,+49 814 4704361,2025-04-30 14:28:46
967,Michael,Koch,1998-09-09,Waldstraße,140.0,82045,Hannover,w967@example.com,+49 256 1847581,2025-04-03 14:28:46
968,Anna,Bauer,1975-04-25,Dorfstraße,136.0,52222,Düsseldorf,y968@example.com,+49 789 7591477,2025-06-23 14:28:46
969,Andreas,Schäfer,1986-03-02,Kirchstraße,72.0,59223,Düsseldorf,x969@example.com,+49 556 9467953,2024-08-27 14:28:46
970,Anna,Wagner,1983-07-16,Waldstraße,12.0,75333,Berlin,y970@example.com,+49 192 4725978,2024-08-25 14:28:46
971,Andreas,Koch,1984-01-17,Dorfstraße,65.0,62732,Nürnberg,y971@example.com,+49 542 5861752,2025-02-20 14:28:46
972,Maria,Schulz,1972-07-28,Wiesenweg,107.0,59420,Hamburg,z972@example.com,+49 905 7615632,2024-08-30 14:28:46
973,Stefan,Klein,1993-03-15,Gartenstraße,42.0,85504,Dresden,x973@example.com,+49 251 3217764,2024-09-19 14:28:46
974,David,Koch,1957-12-17,Gartenstraße,115.0,12462,Dortmund,w974@example.com,+49 444 2384877,2024-08-27 14:28:46
975,Sophie,Meyer,1979-06-23,Bahnhofstraße,139.0,19460,Essen,v975@example.com,+49 587 1827302,2025-03-10 14:28:46
976,Andreas,Bauer,1950-01-22,Kirchstraße,103.0,19275,Hamburg,w976@example.com,+49 661 7697318,2024-09-04 14:28:46
977,David,Hoffmann,1963-07-19,Lindenallee,95.0,23269,Stuttgart,z977@example.com,+49 368 2427388,2025-03-10 14:28:46
978,David,Müller,1956-06-12,Hauptstraße,17.0,75942,Bremen,v978@example.com,+49 508 9419194,2025-03-10 14:28:46
979,Lena,Wagner,1989-05-06,Waldstraße,85.0,82920,Bremen,w979@example.com,+49 544 3187332,2024-07-20 14:28:46
980,Paul,Klein,1985-05-08,Wiesenweg,56.0,32553,Berlin,y980@example.com,+49 880 3262755,2025-06-23 14:28:46
981,Sophie,Schneider,1967-08-20,Dorfstraße,134.0,34366,München,z981@example.com,+49 592 4323709,2025-01-04 14:28:46
982,Thomas,Weber,1971-06-06,Kirchstraße,86.0,54036,Hamburg,x982@example.com,+49 599 7632348,2025-05-27 14:28:46
983,Max,Hoffmann,1981-07-07,Bahnhofstraße,102.0,27369,München,y983@example.com,+49 767 4290000,2024-07-19 14:28:46
984,Lisa,Fischer,1976-12-25,Waldstraße,54.0,21795,Frankfurt,x984@example.com,+49 674 9795418,2024-11-04 14:28:46
985,David,Hoffmann,1973-06-28,Kirchstraße,115.0,80021,Bremen,v985@example.com,+49 352 5065372,2025-04-29 14:28:46
986,Paul,Weber,1975-05-15,Waldstraße,139.0,78154,Essen,x986@example.com,+49 173 5467052,2024-10-22 14:28:46
987,Maria,Weber,1961-10-05,Hauptstraße,88.0,40143,Stuttgart,y987@example.com,+49 895 8215305,2024-08-31 14:28:46
988,Andreas,Meyer,1986-11-08,Hauptstraße,49.0,39425,Dortmund,x988@example.com,+49 431 2503148,2024-11-08 14:28:46
989,Julia,Richter,1956-12-09,Lindenallee,149.0,98209,Dresden,z989@example.com,+49 215 7938755,2024-07-07 14:28:46
990,Julia,Hoffmann,1965-09-14,Gartenstraße,115.0,85139,Bremen,z990@example.com,+49 533 7128174,2024-08-08 14:28:46
991,Lena,Koch,1974-04-05,Schulstraße,63.0,15368,Essen,y991@example.com,+49 456 4195887,2024-12-27 14:28:46
992,Michael,Hoffmann,1997-03-16,Schulstraße,104.0,14621,Dresden,w992@example.com,+49 428 6780168,2025-04-03 14:28:46
993,Lena,Bauer,1950-03-14,Waldstraße,83.0,68829,Dresden,x993@example.com,+49 708 1406123,2024-12-20 14:28:46
994,Sophie,Bauer,1981-03-28,Lindenallee,103.0,70294,Hannover,y994@example.com,+49 888 6114011,2024-10-28 14:28:46
995,Michael,Schäfer,1990-09-18,Schulstraße,17.0,24719,Köln,x995@example.com,+49 273 6867267,2024-11-06 14:28:46
996,Lena,Meyer,1996-06-26,Bahnhofstraße,6.0,39227,Düsseldorf,y996@example.com,+49 731 8419054,2025-04-27 14:28:46
997,Andreas,Becker,1981-05-09,Schulstraße,147.0,17566,Stuttgart,x997@example.com,+49 738 3446428,2025-04-14 14:28:46
998,Paul,Becker,1985-10-02,Bergstraße,28.0,22306,Hamburg,w998@example.com,+49 551 1752920,2025-03-30 14:28:46
999,Felix,Schäfer,1975-02-23,Dorfstraße,38.0,63822,Essen,y999@example.com,+49 937 4917305,2025-03-13 14:28:46
1000,Felix,Schulz,1960-01-07,Lindenallee,119.0,34042,Bremen,z1000@example.com,+49 304 7271672,2025-06-20 14:28:46
1001,Klein,Stefan,1985-07-03,Hauptstraße,8.0,99859,Hannover,c419@example.com,+49 850 5112546,2025-06-29 14:28:46
1002,Michael,Meyer,1968-09-23,Lindenallee,111.0,82127,Nürnbeeg,a423@example.com,+49 751 1160974,2025-03-15 14:28:46
1003,Loura,Meyer,1972-09-11,Schulstraße,107.0,72491,München,b776@example.com,+49 581 1900549,2025-03-24 14:28:46
1004,Paul,Weber,1970-02-01,Waldstraße,57.0,81312,Fraokfurt,c632@example.com,+49 528 9984440,2024-10-29 14:28:46
1005,Thomas,Wagner,1971-09-15,Dorfstraße,,47418,Stuttgart,e253@example.com,+49 828 6403886,2024-11-30 14:28:46
1006,Anna,Müller,1955-12-14,Schulstraße,63.0,12100,Stuttgart,a795@yahoo.com,+49 879 3828735,2025-06-15 14:28:46
1007,Lisa,Hoffmann,1986-10-01,Bergstraße,,86708,Nürnberg,b390@example.com,+49 102 1738833,2025-01-27 14:28:46
1008,Laura,Richter,1992-05-02,Waldstraße,4.0,94050,Essen,e627@yahoo.com,+49 927 7945543,2024-09-17 14:28:46
1009,Julia,Becker,1972-01-13,Kirchstraße,101.0,22991,Luipzig,a538@example.com,+49 448 3977282,2024-08-12 14:28:46
1010,Lena,Hoffmann,1981-08-07,Kirchstraße,,18787,Hannover,e112@example.com,+49 548 5887726,2024-11-17 14:28:46
1011,Stefan,Hoffmann,1959-05-05,Bergstraße,60.0,39009,Dortmund,b44@yahoo.com,+49 448 7655572,2025-03-03 14:28:46
1012,Thomas,Richter,1999-07-28,Dorfstraße,148.0,32852,Hannover,a406@outlook.com,+49 147 7726402,2025-06-16 14:28:46
1013,Max,Fischer,1994-09-14,Dorfstraße,12.0,88518,Berlin,e529@example.com,+49 655 6185050,2024-08-18 14:28:46
1014,Lena,Weber,1974-10-07,Bahnhofstraße,,42174,Düsseldorf,d195@example.com,+49 482 3371602,2025-02-07 14:28:46
1015,Klein,Felix,1984-08-14,Kirchstraße,58.0,10929,München,c408@example.com,+49 986 5736323,2025-02-01 14:28:46
1016,Sophie,Schulz,1965-08-19,Bahnhofstraße,,10358,Leipzig,b473@example.com,+49 224 1200603,2025-04-12 14:28:46
1017,Aona,Weber,1976-08-04,Hauptstraße,31.0,76262,Essen,c302@example.com,+49 936 3023227,2024-08-27 14:28:46
1018,Sephie,Wagner,1987-08-22,Dorfstraße,70.0,90905,Bremen,c662@example.com,+49 988 9986438,2024-11-17 14:28:46
1019,Julia,Wagner,1970-02-03,Dorfstraße,21.0,30132,Leipzeg,e798@example.com,+49 232 8276470,2024-09-10 14:28:46
1020,Meyer,Maria,1998-09-02,Schulstraße,109.0,57498,Düsseldorf,b403@example.com,+49 789 1883692,2024-12-07 14:28:46
1021,Laura,Hoffmann,1990-12-28,Gartenstraße,120.0,60098,Frankfurt,e462@example.com,02512530298,2025-06-24 14:28:46
1022,Paul,Schulz,1952-06-26,Waldstraße,32.0,66882,Beolin,e465@example.com,+49 625 1821255,2024-09-07 14:28:46
1023,Koch,Max,1958-12-19,Gartenstraße,35.0,60290,Hamburg,e93@example.com,+49 440 7373495,2025-02-28 14:28:46
1024,Felix,Klein,1954-05-28,Wiesenweg,74.0,51627,Nüanberg,d709@example.com,+49 600 8484373,2024-08-08 14:28:46
1025,Andreas,Klein,1986-08-08,Hauptstraße,136.0,96661,Bremin,a94@example.com,+49 923 6528792,2025-05-09 14:28:46
1026,Anna,Schulz,1990-01-08,Dorfstraße,78.0,63798,Dortuund,e88@example.com,+49 352 9318184,2024-10-11 14:28:46
1027,Laura,Richter,1992-05-02,Waldstraße,,94050,Essen,e627@example.com,+49 927 7945543,2025-04-16 14:28:46
1028,Lina,Hoffmann,1951-01-16,Wiesenweg,24.0,78026,Hamburg,d564@example.com,+49 608 3359604,2024-12-24 14:28:46
1029,David,Weber,1979-07-14,Dorfstraße,113.0,27611,Dresden,d580@example.com,04597297287,2024-08-03 14:28:46
1030,Stefan,Koch,1952-05-12,Schulstraße,125.0,84813,Dresden,d167@example.com,07444094587,2025-04-23 14:28:46
1031,Stefin,Weber,1972-01-28,Schulstraße,137.0,83016,Köln,d788@example.com,+49 983 4025884,2024-07-07 14:28:46
1032,Schäfer,Maria,1966-06-09,Waldstraße,126.0,26715,Hamburg,d317@example.com,+49 839 4574477,2024-11-20 14:28:46
1033,Miehael,Hoffmann,1995-11-14,Gartenstraße,108.0,27622,Bremen,e642@example.com,+49 316 4233407,2025-04-05 14:28:46
1034,Müller,Lena,1956-11-24,Wiesenweg,46.0,36170,Nürnberg,c4@example.com,+49 636 3498085,2024-08-22 14:28:46
1035,Maria,Fischer,1950-03-23,Wiesenweg,,98708,Köln,d13@example.com,+49 407 2352527,2024-11-14 14:28:46
1036,Liea,Richter,1985-06-03,Dorfstraße,3.0,54789,Bremen,c511@example.com,+49 159 8913550,2024-10-01 14:28:46
1037,Michael,Schmidt,1962-03-01,Lindenallee,3.0,42327,Berlon,b223@example.com,+49 215 2916069,2024-09-08 14:28:46
1038,Andreus,Klein,1964-02-15,Schulstraße,64.0,17597,Düsseldorf,c420@example.com,+49 254 1107003,2024-11-22 14:28:46
1039,Sarah,Schulz,1955-04-08,Wiesenweg,147.0,26154,Dortmund,c7@outlook.com,+49 358 6946534,2025-03-03 14:28:46
1040,David,Schäfer,1984-12-08,Waldstraße,41.0,99833,Dortmund,c635@gmail.com,+49 587 6013906,2024-08-19 14:28:46
1041,Lena,Wagner,1957-03-21,Dorfstraße,110.0,16416,Nürnberg,e51@example.com,07967376562,2025-04-03 14:28:46
1042,Koch,Stefan,1957-11-18,Hauptstraße,72.0,42602,Düsseldorf,e57@example.com,+49 828 3588336,2024-08-06 14:28:46
1043,Liia,Wagner,1999-01-08,Hauptstraße,143.0,35556,Dortmund,b38@example.com,+49 493 3347981,2025-04-23 14:28:46
1044,Max,Fischer,1971-02-17,Wiesenweg,117.0,39516,Frankfurt,d90@example.com,+49 568 2794698,2025-06-11 14:28:46
1045,Lisa,Wagner,1974-04-20,Schulstraße,104.0,89674,Bremen,a427@example.com,02064442590,2025-04-06 14:28:46
1046,Julia,Meyer,1953-11-21,Dorfstraße,33.0,58688,Bremen,b689@yahoo.com,+49 988 7273172,2025-02-11 14:28:46
1047,Felix,Klein,1954-05-28,Wiesenweg,74.0,51627,Nürnberg,d709@yahoo.com,+49 600 8484373,2024-07-13 14:28:46
1048,Andreas,Meyer,1991-11-25,Bergstraße,,36943,Frankfurt,d576@example.com,+49 149 7474950,2025-04-07 14:28:46
1049,Becker,Felix,1974-08-02,Waldstraße,130.0,37747,Nürnberg,a768@example.com,+49 796 6630978,2024-09-13 14:28:46
1050,Weber,Paul,1964-11-11,Waldstraße,89.0,95751,Nürnberg,e37@example.com,+49 793 6565503,2025-05-20 14:28:46
1051,Anna,Schneider,1971-06-23,Gartenstraße,,80194,München,d331@example.com,+49 310 9686388,2024-12-30 14:28:46
1052,Andreas,Schulz,1951-02-12,Waldstraße,108.0,48547,Bremen,a70@gmail.com,+49 462 2561359,2024-11-30 14:28:46
1053,Stefan,Klein,1954-09-21,Waldstraße,92.0,62893,Berlin,d300@example.com,01091135267,2024-11-07 14:28:46
1054,Schulz,Laura,1982-02-28,Waldstraße,118.0,34264,Stuttgart,c125@example.com,+49 990 8017921,2024-07-16 14:28:46
1055,Sophie,Müller,1980-05-24,Hauptstraße,,72068,Essen,d338@example.com,+49 611 2191383,2024-10-10 14:28:46
1056,Julia,Becker,1972-01-13,Kirchstraße,101.0,22991,Leupzig,a538@example.com,+49 448 3977282,2025-03-21 14:28:46
1057,Laura,Hoffmann,1968-07-06,Schulstraße,12.0,68067,Dortmund,b60@yahoo.com,+49 209 2535458,2025-05-12 14:28:46
1058,Feuix,Becker,1989-08-27,Dorfstraße,135.0,68394,Düsseldorf,c645@example.com,+49 799 8304686,2024-10-09 14:28:46
1059,Anna,Bauer,2000-08-27,Wiesenweg,,33478,Köln,c724@example.com,+49 585 3219862,2025-02-09 14:28:46
1060,Schäfer,David,1972-07-04,Lindenallee,100.0,97329,Essen,d624@example.com,+49 677 2034137,2025-01-25 14:28:46
1061,Sarah,Meyer,1967-04-04,Dorfstraße,132.0,78344,Hannover,b539@outlook.com,+49 921 6428919,2024-09-15 14:28:46
1062,Lisa,Weber,1970-05-07,Gartenstraße,121.0,21002,Hamburg,e133@outlook.com,+49 870 6563269,2024-08-26 14:28:46
1063,Anna,Klein,1976-05-02,Dorfstraße,,89063,Frankfurt,b533@example.com,+49 716 4671004,2024-08-17 14:28:46
1064,Julia,Meyer,1960-05-27,Bahnhofstraße,106.0,36421,Essen,b505@gmail.com,+49 452 9428760,2025-04-05 14:28:46
1065,Sarah,Schäfer,1986-08-15,Kirchstraße,20.0,95716,Hannover,d726@example.com,07151141997,2025-02-08 14:28:46
1066,Thomas,Richter,1997-05-08,Wiesenweg,72.0,11125,Berlin,b2@example.com,+49 925 4007598,2025-05-07 14:28:46
1067,Andreas,Müller,1989-08-03,Hauptstraße,8.0,88860,Essen,c756@outlook.com,+49 697 4186247,2025-03-22 14:28:46
1068,Richter,Sophie,1967-07-27,Gartenstraße,112.0,87362,Nürnberg,e424@example.com,+49 443 1024528,2025-06-13 14:28:46
1069,Anna,Klein,1999-09-13,Bergstraße,13.0,60583,Bramen,b359@example.com,+49 649 6481960,2024-09-23 14:28:46
1070,Sarah,Klein,1991-03-08,Lindenallee,107.0,40750,Stuitgart,d656@example.com,+49 900 8039616,2025-03-25 14:28:46
1071,Schulz,Andreas,1951-02-12,Waldstraße,108.0,48547,Bremen,a70@example.com,+49 462 2561359,2025-01-30 14:28:46
1072,Schneider,Felix,1951-10-18,Gartenstraße,128.0,76093,Hamburg,a519@example.com,+49 689 7516648,2024-09-28 14:28:46
1073,Ania,Richter,1966-01-25,Kirchstraße,19.0,43002,Stuttgart,e786@example.com,+49 683 8676774,2025-07-03 14:28:46
1074,Thomas,Richter,1999-07-28,Dorfstraße,148.0,32852,Hannover,a406@gmail.com,+49 147 7726402,2024-09-18 14:28:46
1075,Becker,Sophie,1974-01-28,Dorfstraße,136.0,68643,Dortmund,b180@example.com,+49 216 5401559,2025-03-29 14:28:46
1076,Sophie,Weber,1998-08-04,Kirchstraße,,12282,Hamburg,d347@example.com,+49 114 5398739,2024-07-27 14:28:46
1077,Michael,Schneider,1968-01-27,Schulstraße,27.0,49420,Bromen,e486@example.com,+49 272 8267158,2025-06-18 14:28:46
1078,Paul,Weber,1966-03-24,Bergstraße,,99709,Hannover,a160@example.com,+49 793 3757404,2024-08-19 14:28:46
1079,Julia,Koch,1984-05-26,Wiesenweg,,61971,Dresden,d550@example.com,+49 261 8329435,2025-01-16 14:28:46
1080,Sophie,Richter,1967-07-27,Gartenstraße,112.0,87362,Nürnberg,e424@outlook.com,+49 443 1024528,2025-06-08 14:28:46
1081,Hoffmann,David,1964-07-11,Lindenallee,94.0,61151,Bremen,d579@example.com,+49 604 7353742,2024-07-24 14:28:46
1082,Julia,Schäfer,1954-03-09,Bergstraße,49.0,37103,Köln,a569@example.com,+49 941 6632941,2024-10-05 14:28:46
1083,Weber,Stefan,1994-12-22,Wiesenweg,85.0,68161,München,b702@example.com,+49 469 4340507,2025-01-18 14:28:46
1084,Becker,Lisa,1999-09-01,Dorfstraße,70.0,77494,Hannover,c68@example.com,+49 517 2732967,2025-04-21 14:28:46
1085,Anna,Schulz,1991-02-20,Bergstraße,,10587,Bremen,d32@example.com,+49 701 3419132,2025-01-14 14:28:46
1086,Michael,Hoffmann,1995-11-14,Gartenstraße,108.0,27622,Bremen,e642@example.com,03164233407,2024-10-06 14:28:46
1087,Michael,Bauer,1955-02-03,Hauptstraße,,68653,Dortmund,c585@example.com,+49 401 1336852,2024-08-30 14:28:46
1088,Maiia,Müller,1977-06-24,Hauptstraße,50.0,59879,Dortmund,d192@example.com,+49 420 2977390,2024-09-05 14:28:46
1089,Klein,Sophie,1999-05-25,Bahnhofstraße,127.0,22180,Nürnberg,d727@example.com,+49 329 5234408,2025-06-20 14:28:46
1090,Sophie,Richter,1967-07-27,Gartenstraße,,87362,Nürnberg,e424@example.com,+49 443 1024528,2025-05-23 14:28:46
1091,Lisa,Meyer,1999-09-16,Kirchstraße,,73315,Frankfurt,a244@example.com,+49 431 5909595,2024-12-28 14:28:46
1092,Michael,Schmidt,1970-04-27,Waldstraße,130.0,92909,Dortmund,d310@outlook.com,+49 240 7420993,2025-03-18 14:28:46
1093,Becker,Sophie,1974-01-28,Dorfstraße,136.0,68643,Dortmund,b180@example.com,+49 216 5401559,2025-05-10 14:28:46
1094,Anua,Schulz,1952-06-13,Bahnhofstraße,65.0,69042,Hamburg,e39@example.com,+49 909 2315798,2025-03-25 14:28:46
1095,Andreas,Hoffmann,1968-02-28,Bahnhofstraße,102.0,28888,Dresden,c26@gmail.com,+49 988 8977571,2024-11-01 14:28:46
1096,Lena,Weber,1974-10-07,Bahnhofstraße,,42174,Düsseldorf,d195@example.com,+49 482 3371602,2025-01-13 14:28:46
1097,Bauer,Felix,1996-10-17,Gartenstraße,147.0,15355,Dresden,e751@example.com,+49 838 1427068,2024-10-11 14:28:46
1098,Anna,Müller,1955-12-14,Schulstraße,63.0,12100,Stuttgart,a795@example.com,08793828735,2025-01-20 14:28:46
1099,Stefan,Weber,1972-01-28,Schulstraße,137.0,83016,Köln,d788@yahoo.com,+49 983 4025884,2025-05-17 14:28:46
1100,Sarah,Koch,1958-11-21,Bergstraße,49.0,88610,Koln,c136@example.com,+49 200 5340909,2025-03-23 14:28:46
1101,Felix,Schäfer,1981-02-16,Wiesenweg,101.0,81442,Stuttgart,e397@gmail.com,+49 329 6398941,2024-07-06 14:28:46
1102,Marua,Richter,1984-02-19,Lindenallee,33.0,18438,Essen,d5@example.com,+49 346 4220085,2025-01-28 14:28:46
1103,Max,Fischer,1971-02-17,Wiesenweg,,39516,Frankfurt,d90@example.com,+49 568 2794698,2025-01-17 14:28:46
1104,Lena,Hoffmann,1975-06-08,Hauptstraße,102.0,86975,Düsseldorf,d48@yahoo.com,+49 602 4827527,2025-05-15 14:28:46
1105,Max,Fischer,1992-02-17,Schulstraße,104.0,30808,Düsseldorf,e764@example.com,+49 400 2637507,2025-01-28 14:28:46
1106,Felix,Schulz,1992-07-28,Schulstraße,47.0,46976,Beilin,b592@example.com,+49 446 9098979,2025-01-28 14:28:46
1107,Schneider,Sarah,1994-05-18,Schulstraße,116.0,71944,Bremen,c206@example.com,+49 986 7023677,2025-03-30 14:28:46
1108,Schneider,Julia,1980-11-04,Bahnhofstraße,54.0,71035,Düsseldorf,b284@example.com,+49 100 8177281,2024-10-07 14:28:46
1109,Stefan,Meyer,1974-06-06,Lindenallee,119.0,65860,Nirnberg,e792@example.com,+49 420 1973306,2024-11-23 14:28:46
1110,Klein,Anna,1995-06-07,Bergstraße,143.0,21240,Nürnberg,a153@example.com,+49 199 8351204,2025-04-17 14:28:46
1111,Andreas,Schulz,1995-08-05,Hauptstraße,129.0,63909,Bremen,a118@yahoo.com,+49 774 3586094,2025-06-29 14:28:46
1112,Maria,Meyer,1958-07-15,Dorfstraße,58.0,88405,Stuttgart,a527@example.com,06764158036,2025-05-15 14:28:46
1113,Felix,Schneider,1997-07-17,Dorfstraße,71.0,18016,Dortmund,a556@outlook.com,+49 851 5941179,2025-01-08 14:28:46
1114,Andreas,Wagner,1997-09-02,Wiesenweg,33.0,93276,Köun,d278@example.com,+49 798 1812172,2025-04-25 14:28:46
1115,Andueas,Schneider,1959-12-07,Dorfstraße,55.0,68557,Leipzig,a251@example.com,+49 818 3226183,2025-04-10 14:28:46
1116,Sophie,Weber,1998-08-04,Kirchstraße,,12282,Hamburg,d347@example.com,+49 114 5398739,2024-10-03 14:28:46
1117,Andraas,Bauer,1960-11-14,Gartenstraße,74.0,82516,Dresden,a52@example.com,+49 187 5955645,2025-05-01 14:28:46
1118,Aodreas,Schmidt,1991-09-27,Waldstraße,141.0,81678,Hannover,e109@example.com,+49 798 1451577,2024-12-22 14:28:46
1119,Thomas,Schulz,1992-07-27,Wiesenweg,129.0,21738,Düsseldouf,e402@example.com,+49 222 9422849,2025-04-06 14:28:46
1120,Fischer,Julia,1963-05-22,Lindenallee,26.0,46268,München,c365@example.com,+49 218 8606317,2025-01-28 14:28:46
1121,Julia,Bauer,1957-12-10,Dorfstraße,35.0,24567,Dresdan,d203@example.com,+49 243 4138993,2024-07-06 14:28:46
1122,Thomas,Hoffmann,1987-12-25,Waldstraße,27.0,57377,Hannover,d774@gmail.com,+49 699 5933359,2024-11-10 14:28:46
1123,Michael,Bauer,1976-04-04,Schulstraße,,32746,Stuttgart,c96@example.com,+49 540 3283789,2024-07-14 14:28:46
1124,Schäfer,Sarah,1993-11-21,Bahnhofstraße,132.0,25223,Essen,d100@example.com,+49 281 7681351,2024-11-15 14:28:46
1125,David,Hoffmann,1971-03-22,Waldstraße,74.0,72551,Stuttgaot,d701@example.com,+49 567 1848243,2024-08-11 14:28:46
1126,Andreas,Becker,1969-04-13,Bergstraße,29.0,74353,Nürnberg,d482@example.com,09283160763,2025-03-10 14:28:46
1127,Schneider,Sophie,1985-05-22,Schulstraße,49.0,69711,Frankfurt,c148@example.com,+49 456 6232651,2024-08-25 14:28:46
1128,David,Bauer,1979-02-22,Kirchstraße,141.0,94162,Leipzig,c373@example.com,06295349442,2024-12-18 14:28:46
1129,Bauer,Maria,1989-03-24,Bahnhofstraße,38.0,53148,Düsseldorf,c717@example.com,+49 266 4595669,2024-07-31 14:28:46
1130,Paul,Weber,1966-04-04,Schulstraße,,74200,Hannover,d333@example.com,+49 293 7572491,2024-11-16 14:28:46
1131,Laura,Koch,1967-12-22,Hauptstraße,,19346,Dresden,b31@example.com,+49 116 4475536,2025-06-03 14:28:46
1132,Paul,Bauer,1977-12-24,Schulstraße,,79785,Köln,d116@example.com,+49 242 6080688,2025-01-08 14:28:46
1133,Schulz,Sophie,1965-08-19,Bahnhofstraße,126.0,10358,Leipzig,b473@example.com,+49 224 1200603,2025-04-10 14:28:46
1134,Julia,Weber,1991-04-10,Bergstraße,32.0,90098,München,d787@yahoo.com,+49 246 6308033,2025-01-09 14:28:46
1135,Paal,Müller,1955-07-22,Schulstraße,10.0,82766,Essen,c131@example.com,+49 270 1743175,2024-10-19 14:28:46
1136,Maria,Bauer,1996-04-11,Bahnhofstraße,17.0,56619,Diesden,b334@example.com,+49 402 1915518,2024-09-25 14:28:46
1137,Felix,Becker,1987-04-27,Bahnhofstraße,,28354,Essen,d546@example.com,+49 821 7636992,2024-11-12 14:28:46
1138,Lena,Richter,1994-05-01,Wiesenweg,50.0,51160,Hannover,b605@example.com,04691064014,2024-12-07 14:28:46
1139,David,Richter,1982-09-27,Kirchstraße,60.0,66699,Frankfurt,e636@gmail.com,+49 180 7623718,2025-03-04 14:28:46
1140,Andeeas,Schäfer,1993-12-25,Lindenallee,118.0,94754,Köln,d494@example.com,+49 135 5123584,2024-12-22 14:28:46
1141,Julia,Fischer,1999-09-27,Gartenstraße,,81274,Hannover,e711@example.com,+49 700 6867997,2024-09-07 14:28:46
1142,Schmidt,Maria,1982-10-11,Waldstraße,144.0,73918,Essen,e446@example.com,+49 378 4919346,2024-09-19 14:28:46
1143,Andreas,Müller,1980-08-25,Hauptstraße,14.0,72320,Leipzig,c558@example.com,08461030163,2024-07-16 14:28:46
1144,Sophie,Fischer,1965-05-06,Wiesenweg,131.0,60500,Duesden,c178@example.com,+49 474 6469119,2024-08-01 14:28:46
1145,Anna,Weber,1987-06-24,Bahnhofstraße,108.0,90388,Dresden,c499@yahoo.com,+49 386 7425930,2025-05-09 14:28:46
1146,Sophie,Schmidt,1990-05-15,Bahnhofstraße,46.0,95376,Bremen,d475@gmail.com,+49 233 4324120,2025-01-21 14:28:46
1147,Hoffmann,Sophie,1990-12-25,Hauptstraße,78.0,11932,Berlin,d456@example.com,+49 574 5446095,2025-04-07 14:28:46
1148,Lisa,Schneider,1990-10-26,Bergstraße,5.0,52359,Köln,d416@gmail.com,+49 575 7178606,2025-06-01 14:28:46
1149,Stefan,Weber,1994-12-22,Wiesenweg,,68161,München,b702@example.com,+49 469 4340507,2024-09-04 14:28:46
1150,Stefan,Hoffmann,1998-12-06,Kirchstraße,103.0,29539,Dasseldorf,e336@example.com,+49 606 7474085,2024-10-26 14:28:46
1151,Michael,Schmidt,1962-03-01,Lindenallee,3.0,42327,Berlin,b223@yahoo.com,+49 215 2916069,2025-04-26 14:28:46
1152,Julia,Schulz,1990-02-01,Kirchstraße,76.0,43691,Stottgart,d1@example.com,+49 614 8223819,2025-04-22 14:28:46
1153,Lisa,Schäfer,1954-09-07,Hauptstraße,,31083,Bremen,a545@example.com,+49 174 7267813,2025-02-07 14:28:46
1154,Lisa,Weber,1958-05-10,Gartenstraße,,90807,Essen,e631@example.com,+49 938 9767475,2024-09-14 14:28:46
1155,Lena,Richter,1954-11-11,Hauptstraße,2.0,98668,Stuitgart,d201@example.com,+49 668 3799538,2025-03-23 14:28:46
1156,Schmidt,David,1993-08-03,Hauptstraße,113.0,59847,Frankfurt,b584@example.com,+49 175 1560573,2024-07-24 14:28:46
1157,Maraa,Schmidt,1982-10-11,Waldstraße,144.0,73918,Essen,e446@example.com,+49 378 4919346,2025-01-11 14:28:46
1158,Laura,Richter,1992-05-02,Waldstraße,,94050,Essen,e627@example.com,+49 927 7945543,2024-10-18 14:28:46
1159,Paul,Müller,1955-07-22,Schulstraße,10.0,82766,Essen,c131@example.com,+49 270 1743175,2025-02-06 14:28:46
1160,Julia,Schmidt,1983-05-18,Gartenstraße,85.0,86637,Köan,d55@example.com,+49 184 5495824,2025-07-06 14:28:46
1161,Anna,Meyer,1957-03-10,Waldstraße,141.0,65284,Hamburg,d289@example.com,03562382787,2025-06-21 14:28:46
1162,Anna,Klein,1995-07-13,Lindenallee,118.0,35372,Bremen,c443@outlook.com,+49 920 7592651,2024-07-12 14:28:46
1163,Andreas,Bauer,1977-10-13,Schulstraße,36.0,78487,Berlon,b641@example.com,+49 277 3804559,2025-01-25 14:28:46
1164,Sophie,Richter,1998-11-27,Dorfstraße,79.0,91926,Dortmund,e391@gmail.com,+49 979 1206159,2024-11-26 14:28:46
1165,David,Klein,1980-09-05,Gartenstraße,,84763,München,d679@example.com,+49 989 4824490,2025-04-09 14:28:46
1166,Paul,Weber,1965-06-10,Schulstraße,60.0,61875,Stuttgart,e143@outlook.com,+49 254 6787592,2025-04-01 14:28:46
1167,Sophie,Schneider,1978-12-20,Gartenstraße,82.0,72493,Hannover,d369@example.com,08243302031,2024-12-05 14:28:46
1168,Paul,Müller,1969-11-20,Dorfstraße,12.0,91348,Hamburg,e296@example.com,01014580613,2024-07-28 14:28:46
1169,Lesa,Bauer,1998-02-01,Hauptstraße,37.0,66307,Bremen,e138@example.com,+49 864 9703982,2025-07-01 14:28:46
1170,Sarah,Hoffmann,1976-01-13,Dorfstraße,28.0,76852,Bremen,a739@example.com,+49 674 5742531,2024-10-30 14:28:46
1171,Andreas,Wagner,1950-02-23,Waldstraße,34.0,33952,Leipoig,e87@example.com,+49 469 5222820,2025-04-27 14:28:46
1172,Anna,Becker,1992-06-25,Kirchstraße,,63384,Berlin,d713@example.com,+49 957 5339593,2024-08-31 14:28:46
1173,Max,Fischer,1977-01-15,Schulstraße,,73671,Köln,b639@example.com,+49 919 3473761,2025-04-05 14:28:46
1174,Lena,Becker,1979-12-10,Bergstraße,112.0,23893,Köln,e522@outlook.com,+49 706 6335227,2024-12-01 14:28:46
1175,Stefan,Richter,1983-11-15,Bahnhofstraße,88.0,31312,Dortmund,c394@example.com,04923518002,2025-01-06 14:28:46
1176,Julia,Klein,1952-02-20,Bergstraße,8.0,96497,Frankfurt,b191@gmail.com,+49 788 3247270,2024-12-01 14:28:46
1177,Felix,Schulz,1992-07-28,Schulstraße,47.0,46976,Beulin,b592@example.com,+49 446 9098979,2024-10-24 14:28:46
1178,Thomas,Klein,1998-07-09,Kirchstraße,25.0,91554,München,b276@yahoo.com,+49 679 9142618,2024-12-08 14:28:46
1179,Thomis,Schneider,1992-04-14,Hauptstraße,17.0,49758,Köln,e376@example.com,+49 850 2980663,2025-06-19 14:28:46
1180,Paul,Bauer,1977-12-24,Schulstraße,,79785,Köln,d116@example.com,+49 242 6080688,2024-09-12 14:28:46
1181,Stefan,Bauer,1964-03-05,Wiesenweg,66.0,80812,Hamburg,a708@example.com,03477248955,2025-05-27 14:28:46
1182,Schäfer,Julia,1978-10-01,Lindenallee,23.0,76914,Essen,c748@example.com,+49 158 7779646,2024-10-10 14:28:46
1183,Aena,Fischer,1979-05-22,Bergstraße,135.0,35879,Berlin,b477@example.com,+49 481 2409947,2024-10-15 14:28:46
1184,Andreas,Müller,1974-10-12,Dorfstraße,2.0,23283,Burlin,c484@example.com,+49 225 1716325,2024-08-18 14:28:46
1185,Paul,Schulz,1988-05-12,Waldstraße,47.0,20886,Hamburg,a594@gmail.com,+49 541 3768193,2025-01-28 14:28:46
1186,Lioa,Schäfer,1954-07-16,Schulstraße,79.0,41705,Dortmund,c352@example.com,+49 885 7969792,2024-10-06 14:28:46
1187,Max,Becker,1969-08-04,Hauptstraße,86.0,48635,Hannover,e525@yahoo.com,+49 820 6900247,2024-11-08 14:28:46
1188,Müller,Paul,1968-02-27,Wiesenweg,124.0,40373,Frankfurt,b340@example.com,+49 469 6309530,2024-12-03 14:28:46
1189,Anna,Weber,1976-08-04,Hauptstraße,31.0,76262,Essen,c302@example.com,09363023227,2025-02-08 14:28:46
1190,Paul,Weber,1964-11-11,Waldstraße,89.0,95751,Nürnberg,e37@yahoo.com,+49 793 6565503,2024-07-16 14:28:46
1191,Schmidt,Julia,1965-08-19,Lindenallee,31.0,34995,Frankfurt,e312@example.com,+49 756 3396676,2024-09-21 14:28:46
1192,Laura,Bauer,1998-03-17,Schulstraße,,11089,Berlin,a63@example.com,+49 879 5525929,2024-08-18 14:28:46
1193,Laura,Müller,1996-01-10,Bergstraße,143.0,21590,Nürnberg,a593@gmail.com,+49 821 1519979,2025-04-11 14:28:46
1194,Andreas,Schneider,1991-02-20,Schulstraße,21.0,56101,Münchan,e673@example.com,+49 375 7248518,2025-02-07 14:28:46
1195,Max,Schäfer,1994-11-08,Gartenstraße,79.0,65398,Frankfurt,e294@example.com,+49 539 2530068,2024-10-31 14:28:46
1196,Pail,Becker,1988-01-20,Wiesenweg,15.0,38365,Hamburg,a130@example.com,+49 773 6956059,2024-10-21 14:28:46
1197,Koch,Sarah,1958-11-21,Bergstraße,49.0,88610,Köln,c136@example.com,+49 200 5340909,2024-08-25 14:28:46
1198,Puul,Meyer,1962-01-20,Waldstraße,110.0,71440,München,e282@example.com,+49 978 3650523,2025-02-25 14:28:46
1199,Anna,Hoffmann,2000-12-04,Bergstraße,73.0,89151,Stottgart,e179@example.com,+49 301 8676422,2024-09-07 14:28:46
1200,Schmidt,Max,1959-02-02,Bahnhofstraße,129.0,92279,Dortmund,c379@example.com,+49 378 9788815,2025-04-08 14:28:46
