ID_A,Vorname,Name,Geburtsdatum,Strasse,Hausnummer,Postleitzahl,Ort,Email,Telefon,Datum
1,Julia,Schulz,1990-02-01,Kirchstraße,76,43691,Stuttgart,d1@example.com,+49 614 8223819,2024-11-06 08:26:19
2,Thomas,Richter,1997-05-08,Wiesenweg,72,11125,Berlin,b2@example.com,+49 925 4007598,2024-12-24 08:26:19
3,Sarah,Müller,1964-03-24,Kirchstraße,89,77065,Köln,d3@example.com,+49 209 2615878,2025-07-06 08:26:19
4,Lena,Müller,1956-11-24,Wiesenweg,46,36170,Nürnberg,c4@example.com,+49 636 3498085,2025-06-19 08:26:19
5,Maria,Richter,1984-02-19,Lindenallee,33,18438,Essen,d5@example.com,+49 346 4220085,2024-10-08 08:26:19
6,Felix,Fischer,1977-01-01,Bahnhofstraße,1,30095,München,a6@example.com,+49 734 9832465,2025-03-28 08:26:19
7,Sarah,Schulz,1955-04-08,Wiesenweg,147,26154,Dortmund,c7@example.com,+49 358 6946534,2024-12-29 08:26:19
8,Laura,Meyer,1982-10-01,Kirchstraße,31,18004,München,e8@example.com,+49 373 7658817,2025-07-01 08:26:19
9,Julia,Bauer,1985-04-23,Lindenallee,142,19752,Stuttgart,d9@example.com,+49 180 7258766,2025-01-25 08:26:19
10,David,Schäfer,1991-12-18,Wiesenweg,53,65426,Berlin,c10@example.com,+49 515 8700704,2024-10-10 08:26:19
11,Sophie,Schneider,1976-04-15,Gartenstraße,48,36819,Dresden,a11@example.com,+49 678 5080351,2025-04-02 08:26:19
12,Julia,Müller,1987-05-26,Bahnhofstraße,69,34217,Stuttgart,a12@example.com,+49 813 4789255,2025-06-29 08:26:19
13,Maria,Fischer,1950-03-23,Wiesenweg,105,98708,Köln,d13@example.com,+49 407 2352527,2024-07-27 08:26:19
14,Maria,Koch,1977-06-09,Lindenallee,90,42994,Leipzig,c14@example.com,+49 769 1531577,2025-07-06 08:26:19
15,Felix,Bauer,1959-04-25,Bergstraße,63,25036,Hannover,e15@example.com,+49 195 7799441,2024-08-22 08:26:19
16,Laura,Schulz,1971-02-03,Schulstraße,73,87275,Bremen,b16@example.com,+49 488 7327855,2025-03-03 08:26:19
17,Thomas,Schneider,1974-02-12,Waldstraße,89,59416,Dortmund,a17@example.com,+49 665 8986040,2025-03-15 08:26:19
18,Felix,Koch,1972-10-09,Schulstraße,13,19587,Köln,b18@example.com,+49 157 1158547,2024-07-18 08:26:19
19,Felix,Schulz,1952-12-15,Schulstraße,73,10645,Essen,e19@example.com,+49 819 3875339,2025-01-13 08:26:19
20,Sophie,Wagner,1984-02-13,Hauptstraße,77,40930,Dresden,d20@example.com,+49 184 9386232,2025-01-30 08:26:19
21,Michael,Koch,1955-09-10,Gartenstraße,68,91835,Essen,a21@example.com,+49 965 8279795,2025-05-03 08:26:19
22,Laura,Richter,1990-10-28,Bergstraße,98,40090,Stuttgart,b22@example.com,+49 760 6557798,2025-05-17 08:26:19
23,Max,Klein,1973-10-07,Dorfstraße,125,97489,Berlin,a23@example.com,+49 679 2599906,2024-12-24 08:26:19
24,Felix,Fischer,1995-02-02,Wiesenweg,102,62142,Köln,b24@example.com,+49 640 1713900,2024-10-24 08:26:19
25,Paul,Schneider,1992-04-25,Waldstraße,132,36475,Düsseldorf,c25@example.com,+49 335 4546989,2024-09-10 08:26:19
26,Andreas,Hoffmann,1968-02-28,Bahnhofstraße,102,28888,Dresden,c26@example.com,+49 988 8977571,2025-02-02 08:26:19
27,Michael,Klein,1964-02-13,Bergstraße,19,53732,Berlin,d27@example.com,+49 377 1781180,2025-04-14 08:26:19
28,Max,Weber,1967-08-21,Kirchstraße,82,91623,Leipzig,e28@example.com,+49 176 5703878,2025-06-05 08:26:19
29,Stefan,Weber,1973-03-12,Dorfstraße,141,56305,Dresden,a29@example.com,+49 656 1552000,2025-06-15 08:26:19
30,Paul,Schneider,1972-04-22,Hauptstraße,23,56037,Essen,e30@example.com,+49 283 6276177,2025-02-06 08:26:19
31,Laura,Koch,1967-12-22,Hauptstraße,83,19346,Dresden,b31@example.com,+49 116 4475536,2025-02-10 08:26:19
32,Anna,Schulz,1991-02-20,Bergstraße,109,10587,Bremen,d32@example.com,+49 701 3419132,2024-11-17 08:26:19
33,Paul,Fischer,1990-03-18,Lindenallee,75,22763,Stuttgart,c33@example.com,+49 870 7682298,2024-10-15 08:26:19
34,David,Schäfer,1996-04-06,Schulstraße,129,69165,Frankfurt,c34@example.com,+49 178 6021033,2024-09-06 08:26:19
35,Michael,Weber,1979-07-09,Kirchstraße,88,79615,Essen,d35@example.com,+49 266 5034453,2024-10-13 08:26:19
36,Sarah,Fischer,1990-12-18,Hauptstraße,54,46116,Bremen,a36@example.com,+49 680 7528964,2025-01-17 08:26:19
37,Paul,Weber,1964-11-11,Waldstraße,89,95751,Nürnberg,e37@example.com,+49 793 6565503,2024-11-28 08:26:19
38,Lisa,Wagner,1999-01-08,Hauptstraße,143,35556,Dortmund,b38@example.com,+49 493 3347981,2024-07-22 08:26:19
39,Anna,Schulz,1952-06-13,Bahnhofstraße,65,69042,Hamburg,e39@example.com,+49 909 2315798,2025-05-01 08:26:19
40,Maria,Wagner,1967-02-07,Wiesenweg,76,28099,Frankfurt,c40@example.com,+49 612 6802559,2025-01-14 08:26:19
41,Maria,Bauer,1986-12-11,Hauptstraße,143,55096,Stuttgart,d41@example.com,+49 154 2638895,2024-10-31 08:26:19
42,Lena,Weber,1963-11-16,Bahnhofstraße,149,81986,Düsseldorf,c42@example.com,+49 547 4894730,2025-01-06 08:26:19
43,David,Hoffmann,1975-11-15,Bergstraße,147,23230,Frankfurt,c43@example.com,+49 958 2275374,2025-04-03 08:26:19
44,Stefan,Hoffmann,1959-05-05,Bergstraße,60,39009,Dortmund,b44@example.com,+49 448 7655572,2025-04-15 08:26:19
45,Paul,Wagner,1965-12-18,Dorfstraße,93,80969,Berlin,a45@example.com,+49 892 6475691,2024-12-14 08:26:19
46,Paul,Richter,1984-05-24,Hauptstraße,49,43866,Düsseldorf,a46@example.com,+49 130 5585666,2025-06-29 08:26:19
47,Stefan,Klein,1987-07-19,Waldstraße,35,94246,Essen,b47@example.com,+49 902 8558977,2025-03-14 08:26:19
48,Lena,Hoffmann,1975-06-08,Hauptstraße,102,86975,Düsseldorf,d48@example.com,+49 602 4827527,2025-03-16 08:26:19
49,Andreas,Weber,1958-09-16,Waldstraße,11,51855,Köln,e49@example.com,+49 464 7298619,2025-05-02 08:26:19
50,Andreas,Schneider,1955-01-28,Gartenstraße,99,91557,Dortmund,d50@example.com,+49 542 4116163,2025-03-22 08:26:19
51,Lena,Wagner,1957-03-21,Dorfstraße,110,16416,Nürnberg,e51@example.com,+49 796 7376562,2025-06-27 08:26:19
52,Andreas,Bauer,1960-11-14,Gartenstraße,74,82516,Dresden,a52@example.com,+49 187 5955645,2024-09-10 08:26:19
53,Sophie,Schäfer,1988-02-13,Hauptstraße,9,65915,Bremen,c53@example.com,+49 917 5134741,2024-10-23 08:26:19
54,Paul,Schäfer,1974-10-15,Dorfstraße,3,28058,Frankfurt,c54@example.com,+49 830 2233237,2025-04-13 08:26:19
55,Julia,Schmidt,1983-05-18,Gartenstraße,85,86637,Köln,d55@example.com,+49 184 5495824,2025-05-06 08:26:19
56,Thomas,Klein,1950-11-24,Schulstraße,26,50718,Hannover,b56@example.com,+49 257 7375341,2025-01-02 08:26:19
57,Stefan,Koch,1957-11-18,Hauptstraße,72,42602,Düsseldorf,e57@example.com,+49 828 3588336,2024-07-09 08:26:19
58,Lisa,Schulz,1998-05-25,Gartenstraße,48,84658,Köln,c58@example.com,+49 857 7536772,2024-08-09 08:26:19
59,Sophie,Hoffmann,1991-06-04,Schulstraße,117,88112,München,d59@example.com,+49 424 7051545,2025-06-19 08:26:19
60,Laura,Hoffmann,1968-07-06,Schulstraße,12,68067,Dortmund,b60@example.com,+49 209 2535458,2024-12-28 08:26:19
61,Sophie,Koch,1979-01-24,Bergstraße,133,37516,Bremen,a61@example.com,+49 105 6171869,2024-08-15 08:26:19
62,Julia,Müller,1996-05-17,Hauptstraße,48,97969,Leipzig,b62@example.com,+49 555 7038413,2025-02-28 08:26:19
63,Laura,Bauer,1998-03-17,Schulstraße,37,11089,Berlin,a63@example.com,+49 879 5525929,2024-10-08 08:26:19
64,Lisa,Meyer,1956-11-10,Bergstraße,44,47346,Düsseldorf,d64@example.com,+49 204 3223098,2024-08-23 08:26:19
65,Julia,Wagner,1990-09-20,Gartenstraße,15,84663,Dortmund,b65@example.com,+49 189 4143912,2025-06-14 08:26:19
66,Max,Richter,1962-03-12,Bahnhofstraße,43,20487,Leipzig,d66@example.com,+49 541 8530347,2024-09-07 08:26:19
67,Thomas,Bauer,1998-03-18,Hauptstraße,87,10155,Leipzig,a67@example.com,+49 670 9597330,2025-06-14 08:26:19
68,Lisa,Becker,1999-09-01,Dorfstraße,70,77494,Hannover,c68@example.com,+49 517 2732967,2024-08-04 08:26:19
69,Paul,Hoffmann,1988-06-16,Waldstraße,46,86229,Stuttgart,c69@example.com,+49 126 2503554,2025-05-14 08:26:19
70,Andreas,Schulz,1951-02-12,Waldstraße,108,48547,Bremen,a70@example.com,+49 462 2561359,2024-08-08 08:26:19
71,Max,Schmidt,1969-04-02,Gartenstraße,123,38795,Köln,e71@example.com,+49 711 6443037,2025-06-28 08:26:19
72,David,Schäfer,1965-10-03,Lindenallee,21,65296,Leipzig,e72@example.com,+49 984 7463219,2025-06-14 08:26:19
73,Lisa,Hoffmann,1955-12-16,Lindenallee,107,31447,München,c73@example.com,+49 112 5896386,2024-07-20 08:26:19
74,David,Schmidt,1954-09-25,Gartenstraße,80,46598,Hannover,c74@example.com,+49 523 7506196,2025-05-10 08:26:19
75,Laura,Weber,1958-03-22,Schulstraße,47,51814,Dortmund,b75@example.com,+49 897 2421022,2024-12-07 08:26:19
76,Max,Bauer,1980-09-06,Hauptstraße,117,85330,Hannover,b76@example.com,+49 842 5072543,2024-11-23 08:26:19
77,Thomas,Weber,1966-09-28,Waldstraße,124,97960,Hamburg,c77@example.com,+49 685 9742683,2024-12-26 08:26:19
78,Paul,Meyer,1988-07-07,Waldstraße,143,73278,Hamburg,e78@example.com,+49 273 7387623,2025-05-06 08:26:19
79,Lena,Schneider,1984-12-23,Schulstraße,25,65077,Dresden,b79@example.com,+49 273 3329349,2024-10-01 08:26:19
80,Paul,Becker,1962-12-10,Waldstraße,36,81906,Hannover,a80@example.com,+49 375 6052144,2025-03-01 08:26:19
81,Julia,Bauer,1975-11-21,Dorfstraße,51,19528,Dresden,b81@example.com,+49 374 9273246,2024-11-08 08:26:19
82,Paul,Müller,1973-08-17,Hauptstraße,15,60100,Düsseldorf,b82@example.com,+49 249 2061446,2024-07-14 08:26:19
83,Sarah,Meyer,1978-02-08,Wiesenweg,68,18179,Dresden,b83@example.com,+49 271 8292657,2025-04-21 08:26:19
84,Felix,Fischer,1964-02-11,Waldstraße,21,58781,Essen,d84@example.com,+49 382 8064924,2025-03-25 08:26:19
85,Lena,Müller,1951-10-18,Gartenstraße,141,65267,Köln,a85@example.com,+49 406 9124053,2024-07-18 08:26:19
86,Sophie,Klein,1964-10-08,Dorfstraße,19,92379,Essen,c86@example.com,+49 901 2290526,2024-07-22 08:26:19
87,Andreas,Wagner,1950-02-23,Waldstraße,34,33952,Leipzig,e87@example.com,+49 469 5222820,2024-08-20 08:26:19
88,Anna,Schulz,1990-01-08,Dorfstraße,78,63798,Dortmund,e88@example.com,+49 352 9318184,2025-07-04 08:26:19
89,Thomas,Bauer,1954-01-28,Bergstraße,125,60939,Düsseldorf,c89@example.com,+49 708 4280754,2025-02-04 08:26:19
90,Max,Fischer,1971-02-17,Wiesenweg,117,39516,Frankfurt,d90@example.com,+49 568 2794698,2024-12-05 08:26:19
91,Felix,Fischer,1965-05-22,Kirchstraße,52,66526,Leipzig,e91@example.com,+49 238 6111313,2024-08-04 08:26:19
92,Thomas,Meyer,1981-04-18,Gartenstraße,27,20449,Köln,b92@example.com,+49 106 7638609,2025-05-18 08:26:19
93,Max,Koch,1958-12-19,Gartenstraße,35,60290,Hamburg,e93@example.com,+49 440 7373495,2024-08-03 08:26:19
94,Andreas,Klein,1986-08-08,Hauptstraße,136,96661,Bremen,a94@example.com,+49 923 6528792,2024-10-15 08:26:19
95,Michael,Schneider,2000-08-26,Dorfstraße,144,82954,Dresden,a95@example.com,+49 550 6615941,2025-02-20 08:26:19
96,Michael,Bauer,1976-04-04,Schulstraße,106,32746,Stuttgart,c96@example.com,+49 540 3283789,2024-08-24 08:26:19
97,David,Koch,1956-11-14,Gartenstraße,146,77990,Dortmund,d97@example.com,+49 407 6379868,2024-09-01 08:26:19
98,Thomas,Meyer,1972-07-14,Dorfstraße,2,68810,Berlin,d98@example.com,+49 717 4369728,2024-07-15 08:26:19
99,Michael,Wagner,1979-12-02,Dorfstraße,77,93297,Bremen,e99@example.com,+49 590 6271120,2025-04-29 08:26:19
100,Sarah,Schäfer,1993-11-21,Bahnhofstraße,132,25223,Essen,d100@example.com,+49 281 7681351,2024-12-06 08:26:19
101,Lena,Hoffmann,1956-01-13,Bahnhofstraße,90,82237,Dresden,d101@example.com,+49 426 5889688,2025-05-16 08:26:19
102,Max,Hoffmann,1996-06-26,Kirchstraße,89,12597,Düsseldorf,e102@example.com,+49 852 9237735,2024-10-20 08:26:19
103,David,Schneider,1956-04-07,Bergstraße,94,75677,Essen,a103@example.com,+49 689 5067204,2024-08-26 08:26:19
104,Paul,Wagner,1962-09-15,Kirchstraße,7,12659,Dortmund,b104@example.com,+49 433 7309161,2025-05-09 08:26:19
105,Max,Richter,1958-07-06,Waldstraße,95,96516,Essen,c105@example.com,+49 387 7592357,2025-02-14 08:26:19
106,David,Schneider,1967-08-08,Schulstraße,108,84567,Dortmund,a106@example.com,+49 473 2910720,2025-05-11 08:26:19
107,Andreas,Bauer,1954-08-26,Waldstraße,74,25037,Essen,d107@example.com,+49 677 4352088,2025-05-15 08:26:19
108,Thomas,Bauer,1985-02-02,Lindenallee,39,56738,Bremen,d108@example.com,+49 706 4018677,2024-10-27 08:26:19
109,Andreas,Schmidt,1991-09-27,Waldstraße,141,81678,Hannover,e109@example.com,+49 798 1451577,2025-03-29 08:26:19
110,Lena,Koch,1950-02-25,Hauptstraße,71,22109,München,c110@example.com,+49 844 8744735,2024-08-31 08:26:19
111,Stefan,Richter,1965-03-14,Waldstraße,56,32010,Bremen,b111@example.com,+49 825 4517316,2025-03-28 08:26:19
112,Lena,Hoffmann,1981-08-07,Kirchstraße,42,18787,Hannover,e112@example.com,+49 548 5887726,2025-02-24 08:26:19
113,Felix,Fischer,1975-01-06,Gartenstraße,36,18472,Frankfurt,e113@example.com,+49 951 2160289,2024-10-14 08:26:19
114,Andreas,Koch,1974-01-13,Gartenstraße,84,33383,Leipzig,b114@example.com,+49 938 7864256,2025-03-27 08:26:19
115,Julia,Becker,1966-08-10,Bahnhofstraße,118,71709,Leipzig,b115@example.com,+49 789 9376917,2025-01-06 08:26:19
116,Paul,Bauer,1977-12-24,Schulstraße,7,79785,Köln,d116@example.com,+49 242 6080688,2024-07-13 08:26:19
117,Lisa,Klein,2000-09-22,Schulstraße,54,44518,Dresden,e117@example.com,+49 347 5239295,2024-12-11 08:26:19
118,Andreas,Schulz,1995-08-05,Hauptstraße,129,63909,Bremen,a118@example.com,+49 774 3586094,2025-02-07 08:26:19
119,Felix,Wagner,1962-05-07,Kirchstraße,120,28351,Bremen,a119@example.com,+49 832 8098909,2025-04-17 08:26:19
120,Laura,Müller,1953-10-24,Bahnhofstraße,106,79624,Berlin,e120@example.com,+49 908 7324856,2025-06-18 08:26:19
121,Stefan,Schneider,1984-01-24,Lindenallee,47,63330,Berlin,b121@example.com,+49 175 8534089,2024-10-01 08:26:19
122,Sarah,Bauer,1970-01-02,Schulstraße,123,25282,Köln,c122@example.com,+49 712 9040224,2024-10-27 08:26:19
123,Max,Koch,1987-08-17,Gartenstraße,141,94866,Stuttgart,b123@example.com,+49 696 7724393,2025-03-24 08:26:19
124,Lena,Richter,1983-03-02,Waldstraße,119,31778,Leipzig,b124@example.com,+49 647 9499549,2024-07-21 08:26:19
125,Laura,Schulz,1982-02-28,Waldstraße,118,34264,Stuttgart,c125@example.com,+49 990 8017921,2024-11-04 08:26:19
126,Felix,Klein,1961-02-20,Bahnhofstraße,21,69675,Dresden,b126@example.com,+49 656 1616817,2025-01-20 08:26:19
127,David,Koch,1954-11-28,Kirchstraße,137,15075,Dortmund,c127@example.com,+49 909 7031903,2025-03-10 08:26:19
128,Lisa,Müller,1965-07-04,Kirchstraße,26,85948,Dortmund,e128@example.com,+49 818 2425760,2025-07-07 08:26:19
129,Paul,Schulz,1986-04-19,Bergstraße,9,58454,Nürnberg,c129@example.com,+49 211 5164624,2025-07-02 08:26:19
130,Paul,Becker,1988-01-20,Wiesenweg,15,38365,Hamburg,a130@example.com,+49 773 6956059,2024-07-30 08:26:19
131,Paul,Müller,1955-07-22,Schulstraße,10,82766,Essen,c131@example.com,+49 270 1743175,2025-05-24 08:26:19
132,Sarah,Meyer,1987-10-17,Kirchstraße,122,58200,Berlin,b132@example.com,+49 676 7704473,2025-05-13 08:26:19
133,Lisa,Weber,1970-05-07,Gartenstraße,121,21002,Hamburg,e133@example.com,+49 870 6563269,2024-09-18 08:26:19
134,Sarah,Meyer,1992-12-11,Bahnhofstraße,125,23947,Frankfurt,c134@example.com,+49 915 8221845,2024-07-31 08:26:19
135,Lena,Hoffmann,1965-05-13,Lindenallee,72,89222,Köln,b135@example.com,+49 208 1176962,2024-10-29 08:26:19
136,Sarah,Koch,1958-11-21,Bergstraße,49,88610,Köln,c136@example.com,+49 200 5340909,2025-04-23 08:26:19
137,Anna,Bauer,1969-08-11,Dorfstraße,91,62142,Dortmund,e137@example.com,+49 327 9567725,2025-05-23 08:26:19
138,Lisa,Bauer,1998-02-01,Hauptstraße,37,66307,Bremen,e138@example.com,+49 864 9703982,2024-10-20 08:26:19
139,Julia,Bauer,1979-10-19,Lindenallee,68,14493,Leipzig,a139@example.com,+49 671 4708297,2025-05-31 08:26:19
140,Lisa,Klein,1956-02-18,Dorfstraße,50,60085,Stuttgart,e140@example.com,+49 556 7276684,2025-05-18 08:26:19
141,Felix,Weber,1963-09-09,Waldstraße,19,44228,Berlin,b141@example.com,+49 500 8768911,2025-02-27 08:26:19
142,Anna,Meyer,1958-06-03,Hauptstraße,100,89676,Hamburg,e142@example.com,+49 890 9396422,2024-08-13 08:26:19
143,Paul,Weber,1965-06-10,Schulstraße,60,61875,Stuttgart,e143@example.com,+49 254 6787592,2025-03-12 08:26:19
144,Felix,Schäfer,1960-08-27,Gartenstraße,89,41655,Bremen,b144@example.com,+49 125 9099554,2024-11-17 08:26:19
145,Felix,Koch,1984-12-10,Hauptstraße,146,53472,Hamburg,b145@example.com,+49 207 5956530,2025-02-07 08:26:19
146,Lena,Weber,1989-11-17,Wiesenweg,147,59437,Hannover,e146@example.com,+49 525 2440404,2025-02-23 08:26:19
147,Maria,Fischer,1950-11-27,Dorfstraße,69,59416,Essen,e147@example.com,+49 218 3376915,2024-11-13 08:26:19
148,Sophie,Schneider,1985-05-22,Schulstraße,49,69711,Frankfurt,c148@example.com,+49 456 6232651,2025-06-13 08:26:19
149,Anna,Schneider,1956-03-09,Wiesenweg,108,16816,Nürnberg,e149@example.com,+49 451 8639213,2025-05-18 08:26:19
150,Felix,Fischer,1957-02-24,Waldstraße,119,87175,Frankfurt,a150@example.com,+49 903 4470657,2025-04-10 08:26:19
151,Sophie,Schulz,1985-03-09,Wiesenweg,149,74307,Stuttgart,a151@example.com,+49 633 9102153,2025-06-18 08:26:19
152,Sophie,Schmidt,1968-10-07,Bergstraße,37,56733,Stuttgart,a152@example.com,+49 456 8988681,2025-02-10 08:26:19
153,Anna,Klein,1995-06-07,Bergstraße,143,21240,Nürnberg,a153@example.com,+49 199 8351204,2025-01-05 08:26:19
154,Maria,Schulz,1993-11-28,Bahnhofstraße,11,81363,Stuttgart,e154@example.com,+49 839 8590804,2024-07-27 08:26:19
155,Laura,Müller,1966-09-16,Lindenallee,138,42762,Nürnberg,c155@example.com,+49 426 2126998,2025-01-29 08:26:19
156,David,Richter,1966-01-03,Lindenallee,78,18259,Hamburg,b156@example.com,+49 407 1749657,2024-12-02 08:26:19
157,Julia,Klein,1990-07-27,Schulstraße,77,60139,Nürnberg,e157@example.com,+49 929 2930810,2025-05-10 08:26:19
158,David,Klein,1967-01-01,Waldstraße,2,24849,Essen,d158@example.com,+49 123 6755892,2025-05-21 08:26:19
159,Lisa,Müller,1971-03-21,Kirchstraße,64,91768,Nürnberg,e159@example.com,+49 763 2834801,2025-06-15 08:26:19
160,Paul,Weber,1966-03-24,Bergstraße,35,99709,Hannover,a160@example.com,+49 793 3757404,2025-07-04 08:26:19
161,Julia,Meyer,1978-09-23,Schulstraße,7,64869,Nürnberg,d161@example.com,+49 858 5092180,2025-04-29 08:26:19
162,Lisa,Meyer,1977-09-01,Kirchstraße,85,73095,München,e162@example.com,+49 628 3926839,2024-08-03 08:26:19
163,Felix,Schneider,1957-02-23,Lindenallee,146,80910,Nürnberg,c163@example.com,+49 665 3686631,2024-08-11 08:26:19
164,Paul,Wagner,1959-09-02,Bahnhofstraße,67,96710,Stuttgart,c164@example.com,+49 438 8153291,2025-04-12 08:26:19
165,Max,Schulz,1973-10-18,Wiesenweg,42,33567,Hannover,d165@example.com,+49 573 4889890,2025-01-21 08:26:19
166,Anna,Schäfer,1959-07-05,Bergstraße,118,45292,Leipzig,b166@example.com,+49 916 7795568,2025-01-06 08:26:19
167,Stefan,Koch,1952-05-12,Schulstraße,125,84813,Dresden,d167@example.com,+49 744 4094587,2024-11-26 08:26:19
168,Julia,Hoffmann,2000-01-12,Hauptstraße,24,61631,Hannover,c168@example.com,+49 290 8250013,2024-08-24 08:26:19
169,Julia,Becker,1963-11-08,Kirchstraße,46,19885,Bremen,d169@example.com,+49 505 1489765,2025-02-21 08:26:19
170,Andreas,Meyer,1992-02-12,Wiesenweg,19,69659,Dresden,a170@example.com,+49 855 4310554,2025-05-22 08:26:19
171,Felix,Koch,1999-09-28,Bergstraße,68,64306,Berlin,a171@example.com,+49 560 8206700,2024-12-30 08:26:19
172,Laura,Becker,1976-10-24,Lindenallee,102,76314,Berlin,b172@example.com,+49 498 1074659,2025-01-14 08:26:19
173,Sophie,Koch,1959-04-28,Waldstraße,42,75087,Bremen,d173@example.com,+49 821 4603680,2025-04-06 08:26:19
174,Paul,Weber,1960-03-14,Kirchstraße,32,39165,Hannover,d174@example.com,+49 310 5669851,2025-05-11 08:26:19
175,Felix,Becker,1951-03-24,Lindenallee,109,68929,Hamburg,d175@example.com,+49 870 2049645,2024-12-15 08:26:19
176,Michael,Hoffmann,1971-07-26,Bergstraße,36,77028,Bremen,d176@example.com,+49 691 2707116,2024-12-16 08:26:19
177,Maria,Koch,1992-12-26,Kirchstraße,97,59812,Dresden,b177@example.com,+49 918 4136665,2024-11-17 08:26:19
178,Sophie,Fischer,1965-05-06,Wiesenweg,131,60500,Dresden,c178@example.com,+49 474 6469119,2025-02-19 08:26:19
179,Anna,Hoffmann,2000-12-04,Bergstraße,73,89151,Stuttgart,e179@example.com,+49 301 8676422,2024-12-23 08:26:19
180,Sophie,Becker,1974-01-28,Dorfstraße,136,68643,Dortmund,b180@example.com,+49 216 5401559,2024-07-20 08:26:19
181,Laura,Hoffmann,1980-04-07,Schulstraße,97,54900,Köln,c181@example.com,+49 786 9212178,2024-11-06 08:26:19
182,Lena,Koch,1979-06-10,Wiesenweg,123,52946,München,c182@example.com,+49 640 6258048,2024-12-05 08:26:19
183,Andreas,Schmidt,2000-04-08,Kirchstraße,70,17851,Dresden,c183@example.com,+49 711 7520284,2024-08-10 08:26:19
184,Sophie,Koch,1951-11-07,Waldstraße,13,26288,Leipzig,d184@example.com,+49 725 7585795,2025-04-14 08:26:19
185,Anna,Koch,1975-06-09,Lindenallee,49,82692,Bremen,b185@example.com,+49 701 2916496,2025-05-12 08:26:19
186,Laura,Weber,1954-05-12,Hauptstraße,60,77580,Essen,c186@example.com,+49 456 6905327,2025-05-02 08:26:19
187,David,Schulz,1991-09-13,Lindenallee,130,17368,Nürnberg,e187@example.com,+49 965 8681625,2024-07-17 08:26:19
188,Julia,Fischer,1993-09-11,Kirchstraße,5,95436,Dortmund,e188@example.com,+49 732 3894531,2025-06-08 08:26:19
189,Lena,Schäfer,1951-02-09,Lindenallee,27,56403,Dresden,a189@example.com,+49 933 5990296,2025-04-18 08:26:19
190,Andreas,Meyer,1961-10-09,Schulstraße,149,19168,Bremen,c190@example.com,+49 729 2421902,2025-05-16 08:26:19
191,Julia,Klein,1952-02-20,Bergstraße,8,96497,Frankfurt,b191@example.com,+49 788 3247270,2024-12-07 08:26:19
192,Maria,Müller,1977-06-24,Hauptstraße,50,59879,Dortmund,d192@example.com,+49 420 2977390,2024-09-09 08:26:19
193,Lisa,Schulz,2000-06-14,Gartenstraße,67,69871,Hamburg,a193@example.com,+49 344 6123426,2024-11-03 08:26:19
194,Lena,Müller,1988-09-04,Kirchstraße,44,99388,München,c194@example.com,+49 219 4070977,2024-09-20 08:26:19
195,Lena,Weber,1974-10-07,Bahnhofstraße,125,42174,Düsseldorf,d195@example.com,+49 482 3371602,2024-07-26 08:26:19
196,David,Fischer,1966-01-23,Gartenstraße,58,16581,Düsseldorf,b196@example.com,+49 623 7517332,2024-11-26 08:26:19
197,David,Bauer,1977-01-17,Lindenallee,3,81853,Stuttgart,b197@example.com,+49 528 3313029,2025-04-07 08:26:19
198,Paul,Koch,1984-11-24,Kirchstraße,86,74046,Stuttgart,a198@example.com,+49 688 7437584,2024-08-30 08:26:19
199,Sarah,Bauer,1997-12-22,Dorfstraße,70,59678,Hamburg,a199@example.com,+49 533 4116429,2024-12-26 08:26:19
200,Sophie,Bauer,1962-06-14,Bahnhofstraße,130,36649,Essen,c200@example.com,+49 598 3906397,2025-01-06 08:26:19
201,Lena,Richter,1954-11-11,Hauptstraße,2,98668,Stuttgart,d201@example.com,+49 668 3799538,2024-08-29 08:26:19
202,Stefan,Schneider,1989-06-22,Waldstraße,102,92325,Köln,e202@example.com,+49 601 5845843,2025-06-24 08:26:19
203,Julia,Bauer,1957-12-10,Dorfstraße,35,24567,Dresden,d203@example.com,+49 243 4138993,2024-07-23 08:26:19
204,Anna,Meyer,1982-05-22,Gartenstraße,98,90404,München,b204@example.com,+49 422 8566540,2025-05-03 08:26:19
205,Thomas,Schmidt,1976-06-13,Bergstraße,30,99906,Hannover,b205@example.com,+49 734 1899447,2024-11-03 08:26:19
206,Sarah,Schneider,1994-05-18,Schulstraße,116,71944,Bremen,c206@example.com,+49 986 7023677,2024-11-01 08:26:19
207,Stefan,Weber,1958-04-14,Waldstraße,8,88002,Hannover,e207@example.com,+49 109 9130388,2025-05-12 08:26:19
208,Thomas,Klein,1992-07-22,Dorfstraße,44,38803,Hamburg,c208@example.com,+49 239 4273712,2024-12-10 08:26:19
209,Andreas,Schulz,1997-03-20,Bergstraße,36,28230,Berlin,b209@example.com,+49 934 7441514,2024-11-25 08:26:19
210,Laura,Schmidt,1986-05-13,Bergstraße,77,27862,Bremen,b210@example.com,+49 675 9479842,2025-06-15 08:26:19
211,Julia,Hoffmann,1985-01-10,Kirchstraße,31,53355,Bremen,d211@example.com,+49 768 9304216,2025-06-06 08:26:19
212,Julia,Becker,1968-04-14,Dorfstraße,47,41259,Frankfurt,e212@example.com,+49 518 9249791,2025-02-25 08:26:19
213,Sarah,Richter,2000-10-20,Hauptstraße,55,97445,Hamburg,d213@example.com,+49 525 8446596,2024-08-07 08:26:19
214,Lena,Schmidt,1991-06-15,Lindenallee,106,40795,Hamburg,d214@example.com,+49 600 3806047,2025-01-29 08:26:19
215,Maria,Schäfer,1978-08-22,Bahnhofstraße,121,18770,Düsseldorf,c215@example.com,+49 184 1517756,2025-07-02 08:26:19
216,Sarah,Bauer,1963-09-16,Bahnhofstraße,55,21093,Leipzig,d216@example.com,+49 914 4699871,2024-07-13 08:26:19
217,Thomas,Weber,2000-12-06,Gartenstraße,144,56571,Hannover,a217@example.com,+49 399 1548532,2024-07-26 08:26:19
218,Sarah,Wagner,1992-02-10,Gartenstraße,12,10193,Essen,a218@example.com,+49 381 4772246,2024-10-13 08:26:19
219,Stefan,Becker,1982-11-21,Bahnhofstraße,145,27569,Leipzig,d219@example.com,+49 650 5843084,2024-09-16 08:26:19
220,Julia,Müller,1989-06-03,Hauptstraße,144,21190,Nürnberg,e220@example.com,+49 272 8672579,2024-09-22 08:26:19
221,Maria,Meyer,1998-04-22,Schulstraße,140,72824,Köln,d221@example.com,+49 679 9309978,2025-03-16 08:26:19
222,Sophie,Müller,1969-04-26,Wiesenweg,136,52752,Nürnberg,b222@example.com,+49 662 9569902,2024-07-31 08:26:19
223,Michael,Schmidt,1962-03-01,Lindenallee,3,42327,Berlin,b223@example.com,+49 215 2916069,2025-01-16 08:26:19
224,Paul,Klein,1952-04-16,Schulstraße,144,52070,Bremen,e224@example.com,+49 374 7154919,2024-10-16 08:26:19
225,Max,Müller,1989-02-15,Kirchstraße,30,95925,Düsseldorf,c225@example.com,+49 655 1698108,2024-10-14 08:26:19
226,David,Schäfer,1976-11-19,Wiesenweg,23,50197,Berlin,a226@example.com,+49 878 8404902,2024-07-21 08:26:19
227,Sarah,Weber,1962-12-23,Wiesenweg,92,12261,Bremen,a227@example.com,+49 659 4666525,2024-07-15 08:26:19
228,Andreas,Hoffmann,1974-08-13,Dorfstraße,115,36512,Köln,c228@example.com,+49 535 2718262,2024-08-26 08:26:19
229,Lisa,Klein,1965-03-21,Hauptstraße,104,16716,Leipzig,d229@example.com,+49 853 5152891,2025-05-21 08:26:19
230,Laura,Schulz,1994-01-25,Hauptstraße,118,96795,Hamburg,e230@example.com,+49 404 1540736,2024-11-29 08:26:19
231,Michael,Meyer,1999-02-25,Wiesenweg,5,38933,Stuttgart,d231@example.com,+49 560 5409307,2024-08-04 08:26:19
232,Paul,Schäfer,1977-04-06,Dorfstraße,104,14378,Hannover,c232@example.com,+49 456 2459332,2025-03-03 08:26:19
233,Paul,Schäfer,1994-09-15,Lindenallee,108,50583,Stuttgart,e233@example.com,+49 549 2969410,2024-11-04 08:26:19
234,Paul,Müller,1953-09-08,Wiesenweg,65,95371,Dresden,a234@example.com,+49 894 4975295,2025-01-12 08:26:19
235,Paul,Bauer,1957-08-05,Waldstraße,121,39033,Dortmund,a235@example.com,+49 314 6882609,2024-08-03 08:26:19
236,Thomas,Müller,1979-11-17,Gartenstraße,30,34000,Frankfurt,d236@example.com,+49 981 8183451,2024-07-27 08:26:19
237,Andreas,Schmidt,1985-10-11,Gartenstraße,149,85868,Essen,b237@example.com,+49 269 3335975,2024-08-14 08:26:19
238,Andreas,Schulz,1998-08-20,Schulstraße,84,52604,Köln,c238@example.com,+49 903 4466502,2024-12-23 08:26:19
239,Maria,Schneider,1996-09-14,Kirchstraße,32,78336,Frankfurt,c239@example.com,+49 933 4471922,2025-04-23 08:26:19
240,Stefan,Klein,1985-08-06,Gartenstraße,16,83869,Dresden,d240@example.com,+49 924 1995859,2024-09-26 08:26:19
241,David,Müller,1997-08-15,Bergstraße,38,15410,Dresden,c241@example.com,+49 683 6885707,2024-08-29 08:26:19
242,Julia,Weber,1966-04-27,Schulstraße,142,93375,Essen,a242@example.com,+49 645 5715824,2025-06-11 08:26:19
243,Paul,Wagner,1990-05-25,Gartenstraße,36,66044,Bremen,d243@example.com,+49 711 3824903,2025-07-03 08:26:19
244,Lisa,Meyer,1999-09-16,Kirchstraße,114,73315,Frankfurt,a244@example.com,+49 431 5909595,2024-08-13 08:26:19
245,Julia,Koch,1990-04-09,Hauptstraße,66,81344,Leipzig,e245@example.com,+49 396 5485272,2025-04-19 08:26:19
246,Andreas,Müller,1978-02-23,Hauptstraße,105,16796,Essen,e246@example.com,+49 978 9630451,2024-10-23 08:26:19
247,Anna,Weber,1968-04-09,Lindenallee,85,96716,Dresden,b247@example.com,+49 795 2597613,2024-11-10 08:26:19
248,Anna,Klein,1971-06-18,Wiesenweg,2,64245,Leipzig,c248@example.com,+49 238 7905438,2024-10-28 08:26:19
249,Lisa,Weber,1955-03-05,Waldstraße,75,53056,Hamburg,e249@example.com,+49 160 5652716,2025-04-15 08:26:19
250,Maria,Meyer,1964-07-23,Hauptstraße,67,27709,Düsseldorf,c250@example.com,+49 987 3128830,2025-05-31 08:26:19
251,Andreas,Schneider,1959-12-07,Dorfstraße,55,68557,Leipzig,a251@example.com,+49 818 3226183,2024-10-30 08:26:19
252,Lisa,Weber,1954-07-14,Gartenstraße,6,27543,Bremen,d252@example.com,+49 355 3453557,2025-01-25 08:26:19
253,Thomas,Wagner,1971-09-15,Dorfstraße,143,47418,Stuttgart,e253@example.com,+49 828 6403886,2025-03-07 08:26:19
254,Sarah,Weber,1976-01-07,Kirchstraße,86,26724,Frankfurt,d254@example.com,+49 948 5153279,2025-01-20 08:26:19
255,Lisa,Weber,1976-07-25,Hauptstraße,60,13828,Bremen,e255@example.com,+49 879 7588425,2025-02-16 08:26:19
256,Sophie,Weber,1987-12-01,Waldstraße,101,27087,Dortmund,c256@example.com,+49 601 3385244,2025-06-13 08:26:19
257,Julia,Hoffmann,1998-10-13,Kirchstraße,12,22605,Hannover,e257@example.com,+49 691 5508325,2024-10-22 08:26:19
258,Michael,Hoffmann,1980-01-12,Bergstraße,49,41337,München,e258@example.com,+49 742 7949543,2025-03-16 08:26:19
259,Felix,Schneider,1969-07-28,Bergstraße,42,15482,Dresden,a259@example.com,+49 484 8583162,2024-09-30 08:26:19
260,Maria,Müller,1976-09-24,Dorfstraße,82,75333,Hannover,b260@example.com,+49 177 2561871,2024-08-13 08:26:19
261,Lisa,Weber,1997-09-26,Wiesenweg,35,98296,Hannover,a261@example.com,+49 512 9650558,2024-12-27 08:26:19
262,Andreas,Richter,1988-04-16,Schulstraße,134,60952,Essen,d262@example.com,+49 867 5667852,2024-12-14 08:26:19
263,Laura,Schulz,1964-05-14,Wiesenweg,67,15463,Köln,c263@example.com,+49 811 7191986,2025-03-10 08:26:19
264,Anna,Richter,1981-01-13,Lindenallee,80,80448,Dortmund,c264@example.com,+49 565 9188027,2025-05-29 08:26:19
265,Sophie,Müller,1971-11-22,Wiesenweg,7,14648,Stuttgart,e265@example.com,+49 435 1041491,2024-11-15 08:26:19
266,David,Schneider,1975-12-06,Lindenallee,14,43623,Leipzig,c266@example.com,+49 989 2562657,2024-11-23 08:26:19
267,Paul,Bauer,1979-03-20,Lindenallee,73,69156,Düsseldorf,b267@example.com,+49 848 8691502,2024-09-18 08:26:19
268,Felix,Bauer,1984-01-13,Waldstraße,143,45634,Bremen,b268@example.com,+49 750 7009980,2024-11-21 08:26:19
269,Lena,Fischer,1987-10-22,Hauptstraße,149,54602,Hamburg,e269@example.com,+49 970 2062512,2025-05-24 08:26:19
270,Maria,Richter,1951-02-21,Waldstraße,66,59334,München,e270@example.com,+49 914 9966154,2024-10-26 08:26:19
271,Michael,Müller,1977-03-28,Lindenallee,91,78648,Berlin,d271@example.com,+49 507 4654579,2024-11-22 08:26:19
272,Stefan,Müller,1979-03-02,Kirchstraße,130,32054,Dortmund,e272@example.com,+49 539 4554277,2025-01-28 08:26:19
273,Stefan,Becker,1966-07-11,Bergstraße,20,80028,Hannover,a273@example.com,+49 606 5505300,2025-05-09 08:26:19
274,Felix,Schmidt,1963-08-11,Lindenallee,10,32207,Düsseldorf,a274@example.com,+49 430 5757902,2024-10-27 08:26:19
275,Lisa,Koch,1971-07-09,Waldstraße,25,90650,Berlin,a275@example.com,+49 445 3191007,2024-08-08 08:26:19
276,Thomas,Klein,1998-07-09,Kirchstraße,25,91554,München,b276@example.com,+49 679 9142618,2025-06-29 08:26:19
277,Anna,Becker,1955-08-01,Waldstraße,54,31386,Köln,c277@example.com,+49 907 6766993,2025-05-17 08:26:19
278,Andreas,Wagner,1997-09-02,Wiesenweg,33,93276,Köln,d278@example.com,+49 798 1812172,2024-12-14 08:26:19
279,Anna,Hoffmann,1972-04-21,Gartenstraße,95,69518,Frankfurt,e279@example.com,+49 147 2670586,2024-12-09 08:26:19
280,David,Hoffmann,1954-11-02,Dorfstraße,14,62781,Nürnberg,d280@example.com,+49 741 8710502,2025-06-20 08:26:19
281,Thomas,Schmidt,1998-01-08,Schulstraße,65,62780,München,b281@example.com,+49 116 3084353,2024-09-26 08:26:19
282,Paul,Meyer,1962-01-20,Waldstraße,110,71440,München,e282@example.com,+49 978 3650523,2024-09-30 08:26:19
283,Andreas,Meyer,1959-04-05,Schulstraße,80,54199,Berlin,e283@example.com,+49 551 8659103,2025-07-08 08:26:19
284,Julia,Schneider,1980-11-04,Bahnhofstraße,54,71035,Düsseldorf,b284@example.com,+49 100 8177281,2025-05-23 08:26:19
285,Max,Schäfer,1986-04-15,Waldstraße,125,18210,Bremen,c285@example.com,+49 307 3213134,2024-09-02 08:26:19
286,Sophie,Schmidt,1994-05-25,Gartenstraße,131,54363,Essen,e286@example.com,+49 765 6064462,2024-08-26 08:26:19
287,Anna,Koch,1973-03-20,Schulstraße,134,88279,Nürnberg,c287@example.com,+49 262 5597283,2024-08-16 08:26:19
288,Laura,Müller,1988-12-23,Lindenallee,25,70348,Berlin,b288@example.com,+49 195 7047102,2025-02-03 08:26:19
289,Anna,Meyer,1957-03-10,Waldstraße,141,65284,Hamburg,d289@example.com,+49 356 2382787,2024-10-21 08:26:19
290,Felix,Koch,1956-10-01,Hauptstraße,117,82124,Hannover,e290@example.com,+49 480 3777050,2024-09-24 08:26:19
291,Anna,Weber,1969-10-22,Dorfstraße,136,78847,Köln,c291@example.com,+49 153 7649508,2025-03-25 08:26:19
292,Maria,Richter,1974-07-23,Gartenstraße,149,32432,Hannover,e292@example.com,+49 740 6125594,2024-08-07 08:26:19
293,Anna,Richter,1962-02-19,Schulstraße,25,74089,Köln,c293@example.com,+49 843 4928281,2024-07-30 08:26:19
294,Max,Schäfer,1994-11-08,Gartenstraße,79,65398,Frankfurt,e294@example.com,+49 539 2530068,2024-11-17 08:26:19
295,Max,Schulz,1956-12-25,Kirchstraße,68,13321,Bremen,e295@example.com,+49 820 2596917,2025-01-15 08:26:19
296,Paul,Müller,1969-11-20,Dorfstraße,12,91348,Hamburg,e296@example.com,+49 101 4580613,2025-01-03 08:26:19
297,Michael,Klein,1957-10-26,Lindenallee,32,47383,Köln,d297@example.com,+49 588 2307594,2025-06-11 08:26:19
298,Julia,Klein,1952-06-18,Waldstraße,128,88682,Berlin,e298@example.com,+49 235 4794852,2025-03-16 08:26:19
299,Laura,Wagner,1977-11-12,Waldstraße,96,89190,Hamburg,c299@example.com,+49 631 8466983,2024-11-18 08:26:19
300,Stefan,Klein,1954-09-21,Waldstraße,92,62893,Berlin,d300@example.com,+49 109 1135267,2025-01-20 08:26:19
301,Anna,Weber,1971-01-28,Dorfstraße,141,45820,Essen,a301@example.com,+49 812 6764217,2024-09-25 08:26:19
302,Anna,Weber,1976-08-04,Hauptstraße,31,76262,Essen,c302@example.com,+49 936 3023227,2024-08-25 08:26:19
303,Sophie,Richter,1977-06-21,Bahnhofstraße,78,13760,Hannover,c303@example.com,+49 980 8085252,2024-09-04 08:26:19
304,Andreas,Schmidt,1979-12-05,Bergstraße,20,32190,Köln,a304@example.com,+49 810 3217531,2024-11-08 08:26:19
305,Max,Schäfer,1977-03-24,Wiesenweg,146,77411,Köln,d305@example.com,+49 589 2188301,2024-08-06 08:26:19
306,Laura,Schneider,1983-11-09,Schulstraße,60,33377,Düsseldorf,e306@example.com,+49 334 7426846,2025-01-03 08:26:19
307,Paul,Wagner,1989-09-25,Hauptstraße,134,56737,Essen,c307@example.com,+49 191 2718442,2024-11-19 08:26:19
308,David,Meyer,1980-08-14,Lindenallee,93,79569,Bremen,a308@example.com,+49 205 6257165,2025-05-11 08:26:19
309,Stefan,Koch,1996-10-09,Schulstraße,43,48211,Bremen,e309@example.com,+49 476 6020671,2025-05-20 08:26:19
310,Michael,Schmidt,1970-04-27,Waldstraße,130,92909,Dortmund,d310@example.com,+49 240 7420993,2024-08-05 08:26:19
311,Stefan,Meyer,1955-05-15,Gartenstraße,60,13744,Dortmund,c311@example.com,+49 892 3233823,2025-03-17 08:26:19
312,Julia,Schmidt,1965-08-19,Lindenallee,31,34995,Frankfurt,e312@example.com,+49 756 3396676,2025-07-07 08:26:19
313,Thomas,Schmidt,1989-11-13,Schulstraße,5,26977,Essen,e313@example.com,+49 170 9900451,2025-01-15 08:26:19
314,Julia,Schmidt,1971-01-16,Waldstraße,10,44542,Berlin,b314@example.com,+49 676 1142182,2025-01-08 08:26:19
315,Maria,Richter,1970-03-16,Schulstraße,89,20651,Berlin,a315@example.com,+49 724 3753418,2024-08-18 08:26:19
316,Felix,Klein,1963-06-26,Gartenstraße,130,88931,Stuttgart,e316@example.com,+49 550 6891952,2025-02-09 08:26:19
317,Maria,Schäfer,1966-06-09,Waldstraße,126,26715,Hamburg,d317@example.com,+49 839 4574477,2024-10-01 08:26:19
318,Anna,Schneider,1988-12-09,Bahnhofstraße,11,54409,Leipzig,b318@example.com,+49 743 3539636,2024-10-14 08:26:19
319,Lena,Klein,1985-01-17,Hauptstraße,56,34306,Hannover,e319@example.com,+49 521 8421969,2024-12-29 08:26:19
320,Michael,Schmidt,1962-02-08,Kirchstraße,83,29086,Dortmund,e320@example.com,+49 980 4644760,2024-07-14 08:26:19
321,Felix,Fischer,1996-07-16,Wiesenweg,137,24376,Hannover,d321@example.com,+49 188 2685524,2025-05-15 08:26:19
322,Laura,Schulz,1985-04-23,Dorfstraße,99,71350,Köln,b322@example.com,+49 243 3066235,2025-06-15 08:26:19
323,Thomas,Meyer,1980-11-23,Wiesenweg,149,81425,Frankfurt,b323@example.com,+49 703 7442986,2025-04-15 08:26:19
324,Max,Müller,1981-08-26,Lindenallee,73,46636,Bremen,a324@example.com,+49 459 8203947,2024-10-29 08:26:19
325,Michael,Becker,1951-02-10,Wiesenweg,115,96120,Leipzig,e325@example.com,+49 422 3345961,2025-04-28 08:26:19
326,Michael,Klein,1964-07-23,Waldstraße,7,61649,München,a326@example.com,+49 353 5646746,2024-12-11 08:26:19
327,Maria,Koch,1965-05-22,Bahnhofstraße,80,44610,Frankfurt,b327@example.com,+49 760 2413458,2025-05-15 08:26:19
328,Lena,Richter,1987-06-16,Kirchstraße,144,20058,München,a328@example.com,+49 354 5780177,2025-02-28 08:26:19
329,Stefan,Wagner,1985-09-12,Hauptstraße,97,84637,Dresden,d329@example.com,+49 897 1450038,2024-08-30 08:26:19
330,Stefan,Hoffmann,1977-12-18,Hauptstraße,4,88033,Essen,c330@example.com,+49 968 6060836,2025-03-30 08:26:19
331,Anna,Schneider,1971-06-23,Gartenstraße,4,80194,München,d331@example.com,+49 310 9686388,2025-04-03 08:26:19
332,Lisa,Müller,1979-05-10,Dorfstraße,103,86917,München,b332@example.com,+49 721 9548370,2025-05-08 08:26:19
333,Paul,Weber,1966-04-04,Schulstraße,40,74200,Hannover,d333@example.com,+49 293 7572491,2024-12-19 08:26:19
334,Maria,Bauer,1996-04-11,Bahnhofstraße,17,56619,Dresden,b334@example.com,+49 402 1915518,2025-03-20 08:26:19
335,Michael,Fischer,1957-12-18,Schulstraße,101,27154,Düsseldorf,d335@example.com,+49 902 5015476,2024-11-16 08:26:19
336,Stefan,Hoffmann,1998-12-06,Kirchstraße,103,29539,Düsseldorf,e336@example.com,+49 606 7474085,2025-04-02 08:26:19
337,Sarah,Becker,1962-04-24,Wiesenweg,124,70058,Düsseldorf,e337@example.com,+49 215 5044680,2025-01-16 08:26:19
338,Sophie,Müller,1980-05-24,Hauptstraße,52,72068,Essen,d338@example.com,+49 611 2191383,2025-05-14 08:26:19
339,Thomas,Hoffmann,1987-09-20,Kirchstraße,52,87313,Leipzig,a339@example.com,+49 640 1202450,2024-12-08 08:26:19
340,Paul,Müller,1968-02-27,Wiesenweg,124,40373,Frankfurt,b340@example.com,+49 469 6309530,2025-06-15 08:26:19
341,Maria,Koch,1962-05-08,Hauptstraße,63,43154,Frankfurt,e341@example.com,+49 235 7490068,2024-08-18 08:26:19
342,Thomas,Fischer,1973-03-10,Wiesenweg,116,16031,Nürnberg,b342@example.com,+49 981 8060918,2024-07-29 08:26:19
343,Sophie,Becker,1950-12-18,Dorfstraße,62,81975,Köln,e343@example.com,+49 474 3898604,2024-09-10 08:26:19
344,David,Weber,1958-05-02,Bahnhofstraße,7,32785,Düsseldorf,c344@example.com,+49 881 8902314,2025-05-06 08:26:19
345,Sophie,Schmidt,1953-09-10,Lindenallee,92,88928,Essen,d345@example.com,+49 888 2224599,2024-11-20 08:26:19
346,Lena,Meyer,1994-03-21,Kirchstraße,14,38669,Köln,e346@example.com,+49 117 2133008,2024-11-16 08:26:19
347,Sophie,Weber,1998-08-04,Kirchstraße,86,12282,Hamburg,d347@example.com,+49 114 5398739,2024-08-05 08:26:19
348,Thomas,Schmidt,1950-10-10,Bergstraße,133,44624,Köln,c348@example.com,+49 320 1668183,2024-09-10 08:26:19
349,Stefan,Bauer,1980-08-15,Waldstraße,130,58438,Hannover,b349@example.com,+49 161 7676912,2024-10-23 08:26:19
350,Julia,Richter,1971-03-02,Dorfstraße,62,99900,Hannover,d350@example.com,+49 618 5806467,2025-05-01 08:26:19
351,Thomas,Schäfer,1966-08-04,Dorfstraße,149,77534,Leipzig,e351@example.com,+49 743 9406206,2024-10-26 08:26:19
352,Lisa,Schäfer,1954-07-16,Schulstraße,79,41705,Dortmund,c352@example.com,+49 885 7969792,2025-07-06 08:26:19
353,Anna,Schäfer,1954-10-21,Wiesenweg,149,48244,München,e353@example.com,+49 533 7749095,2024-10-10 08:26:19
354,Felix,Schneider,1993-01-05,Waldstraße,138,84964,Düsseldorf,c354@example.com,+49 184 3561552,2025-06-14 08:26:19
355,Stefan,Klein,1959-10-10,Bahnhofstraße,58,47437,Nürnberg,c355@example.com,+49 384 2402526,2024-09-28 08:26:19
356,Julia,Schulz,1955-04-04,Bahnhofstraße,120,87872,Dresden,e356@example.com,+49 417 2325761,2024-11-29 08:26:19
357,Max,Wagner,1985-07-20,Dorfstraße,133,84878,Nürnberg,d357@example.com,+49 623 4409088,2024-09-12 08:26:19
358,Felix,Wagner,1988-10-08,Bahnhofstraße,65,82982,Dortmund,b358@example.com,+49 927 3606795,2024-11-03 08:26:19
359,Anna,Klein,1999-09-13,Bergstraße,13,60583,Bremen,b359@example.com,+49 649 6481960,2024-10-21 08:26:19
360,Maria,Schäfer,1978-08-10,Kirchstraße,82,48392,Köln,c360@example.com,+49 500 2109227,2025-04-09 08:26:19
361,Paul,Meyer,1987-07-10,Gartenstraße,139,17461,Essen,e361@example.com,+49 417 8339797,2024-07-19 08:26:19
362,Lisa,Becker,1986-10-02,Lindenallee,149,20516,München,c362@example.com,+49 847 5003671,2024-09-15 08:26:19
363,Lisa,Fischer,1989-12-04,Schulstraße,52,89285,Frankfurt,b363@example.com,+49 159 5101689,2025-04-11 08:26:19
364,Max,Becker,1998-04-21,Wiesenweg,117,27514,Berlin,c364@example.com,+49 188 8289425,2025-05-04 08:26:19
365,Julia,Fischer,1963-05-22,Lindenallee,26,46268,München,c365@example.com,+49 218 8606317,2025-05-16 08:26:19
366,Lena,Becker,1955-03-08,Wiesenweg,34,46788,Leipzig,b366@example.com,+49 726 1923227,2024-12-22 08:26:19
367,Andreas,Schulz,1961-09-03,Hauptstraße,52,85749,Bremen,d367@example.com,+49 416 3946849,2024-08-06 08:26:19
368,David,Schneider,1960-01-14,Lindenallee,112,71049,Leipzig,c368@example.com,+49 222 1212482,2024-09-04 08:26:19
369,Sophie,Schneider,1978-12-20,Gartenstraße,82,72493,Hannover,d369@example.com,+49 824 3302031,2024-09-01 08:26:19
370,Julia,Schäfer,1980-05-02,Dorfstraße,42,46027,Köln,c370@example.com,+49 818 1190431,2025-01-25 08:26:19
371,Paul,Bauer,1964-05-23,Bergstraße,21,52849,Hamburg,e371@example.com,+49 267 9328426,2024-10-23 08:26:19
372,Stefan,Schmidt,1968-12-28,Kirchstraße,42,27858,Hannover,c372@example.com,+49 455 9774573,2024-12-24 08:26:19
373,David,Bauer,1979-02-22,Kirchstraße,141,94162,Leipzig,c373@example.com,+49 629 5349442,2024-12-06 08:26:19
374,Stefan,Hoffmann,1964-05-26,Bergstraße,113,89003,Leipzig,a374@example.com,+49 270 7238933,2024-08-31 08:26:19
375,Lisa,Schneider,2000-11-19,Waldstraße,105,62395,Essen,e375@example.com,+49 229 5509119,2024-07-19 08:26:19
376,Thomas,Schneider,1992-04-14,Hauptstraße,17,49758,Köln,e376@example.com,+49 850 2980663,2025-03-03 08:26:19
377,Paul,Weber,1957-09-08,Wiesenweg,120,64312,München,d377@example.com,+49 889 1492516,2025-02-18 08:26:19
378,Anna,Weber,1991-03-09,Gartenstraße,137,78670,Hamburg,d378@example.com,+49 443 8202871,2024-12-17 08:26:19
379,Max,Schmidt,1959-02-02,Bahnhofstraße,129,92279,Dortmund,c379@example.com,+49 378 9788815,2025-01-14 08:26:19
380,Anna,Koch,1960-05-20,Lindenallee,130,25434,Berlin,b380@example.com,+49 165 5411563,2025-02-08 08:26:19
381,Stefan,Hoffmann,1997-10-10,Hauptstraße,60,74047,Düsseldorf,c381@example.com,+49 829 2293020,2024-11-19 08:26:19
382,Andreas,Bauer,1978-02-15,Lindenallee,48,57775,Frankfurt,a382@example.com,+49 608 8636951,2025-05-01 08:26:19
383,Paul,Meyer,1994-05-23,Gartenstraße,29,85769,Leipzig,c383@example.com,+49 623 7041876,2025-04-29 08:26:19
384,Laura,Weber,1975-05-17,Schulstraße,97,76677,Köln,a384@example.com,+49 156 9382064,2024-12-09 08:26:19
385,Laura,Meyer,1984-08-15,Schulstraße,10,93555,Düsseldorf,c385@example.com,+49 979 3799805,2024-09-03 08:26:19
386,Stefan,Müller,1955-10-02,Hauptstraße,58,95920,Hannover,d386@example.com,+49 476 3639223,2024-07-15 08:26:19
387,Maria,Weber,1977-12-11,Dorfstraße,21,55734,Frankfurt,c387@example.com,+49 361 2726457,2024-10-19 08:26:19
388,Julia,Schulz,1988-05-01,Gartenstraße,28,98503,Nürnberg,d388@example.com,+49 687 2934976,2025-02-05 08:26:19
389,Lisa,Koch,1955-04-22,Gartenstraße,34,50603,Frankfurt,b389@example.com,+49 333 9536665,2024-07-14 08:26:19
390,Lisa,Hoffmann,1986-10-01,Bergstraße,8,86708,Nürnberg,b390@example.com,+49 102 1738833,2024-10-01 08:26:19
391,Sophie,Richter,1998-11-27,Dorfstraße,79,91926,Dortmund,e391@example.com,+49 979 1206159,2025-01-29 08:26:19
392,Sophie,Schmidt,1967-10-02,Wiesenweg,145,78803,Dortmund,c392@example.com,+49 350 1771442,2024-07-09 08:26:19
393,Stefan,Müller,1998-03-16,Wiesenweg,87,49332,Hannover,e393@example.com,+49 583 7106512,2024-09-28 08:26:19
394,Stefan,Richter,1983-11-15,Bahnhofstraße,88,31312,Dortmund,c394@example.com,+49 492 3518002,2024-08-19 08:26:19
395,Sophie,Hoffmann,1967-03-19,Kirchstraße,69,94526,Dresden,b395@example.com,+49 283 1593302,2025-03-19 08:26:19
396,Thomas,Bauer,1977-11-27,Schulstraße,87,54179,Stuttgart,a396@example.com,+49 666 8035849,2025-03-28 08:26:19
397,Felix,Schäfer,1981-02-16,Wiesenweg,101,81442,Stuttgart,e397@example.com,+49 329 6398941,2025-03-23 08:26:19
398,Michael,Schulz,1972-07-11,Dorfstraße,8,50379,Frankfurt,e398@example.com,+49 354 7983626,2024-08-23 08:26:19
399,Felix,Hoffmann,1970-11-04,Gartenstraße,77,27297,Dortmund,b399@example.com,+49 837 6367620,2024-07-08 08:26:19
400,Anna,Schulz,1960-06-14,Wiesenweg,87,12011,Essen,b400@example.com,+49 377 2306728,2025-02-10 08:26:19
401,Felix,Klein,1994-08-10,Gartenstraße,43,54014,Leipzig,a401@example.com,+49 685 7254683,2024-07-22 08:26:19
402,Thomas,Schulz,1992-07-27,Wiesenweg,129,21738,Düsseldorf,e402@example.com,+49 222 9422849,2025-01-13 08:26:19
403,Maria,Meyer,1998-09-02,Schulstraße,109,57498,Düsseldorf,b403@example.com,+49 789 1883692,2024-07-29 08:26:19
404,Anna,Klein,1979-02-11,Lindenallee,17,21120,Stuttgart,b404@example.com,+49 283 4744423,2025-05-02 08:26:19
405,Felix,Becker,1966-06-04,Wiesenweg,133,18767,Frankfurt,a405@example.com,+49 923 9653253,2024-07-10 08:26:19
406,Thomas,Richter,1999-07-28,Dorfstraße,148,32852,Hannover,a406@example.com,+49 147 7726402,2024-08-10 08:26:19
407,Michael,Schäfer,1982-01-22,Wiesenweg,21,89239,Köln,d407@example.com,+49 170 8802985,2025-04-08 08:26:19
408,Felix,Klein,1984-08-14,Kirchstraße,58,10929,München,c408@example.com,+49 986 5736323,2024-10-24 08:26:19
409,Thomas,Bauer,1953-04-17,Schulstraße,110,87487,München,d409@example.com,+49 892 6212643,2024-10-04 08:26:19
410,Andreas,Müller,1973-10-25,Dorfstraße,139,27438,Stuttgart,a410@example.com,+49 435 2449308,2024-07-18 08:26:19
411,Sophie,Hoffmann,1981-11-15,Bergstraße,143,58515,Köln,b411@example.com,+49 666 8662929,2024-08-16 08:26:19
412,Stefan,Fischer,1998-01-07,Dorfstraße,135,15744,Dresden,a412@example.com,+49 108 7189439,2025-01-24 08:26:19
413,Andreas,Müller,1967-09-05,Kirchstraße,28,93820,Dresden,e413@example.com,+49 305 5892153,2024-07-10 08:26:19
414,Lisa,Becker,1968-08-23,Lindenallee,51,52417,Stuttgart,b414@example.com,+49 677 6098752,2025-05-10 08:26:19
415,Sophie,Müller,1981-02-01,Schulstraße,5,17069,München,d415@example.com,+49 857 5069884,2025-01-09 08:26:19
416,Lisa,Schneider,1990-10-26,Bergstraße,5,52359,Köln,d416@example.com,+49 575 7178606,2024-09-24 08:26:19
417,Sarah,Bauer,1965-12-06,Kirchstraße,94,29799,Dortmund,d417@example.com,+49 705 9277218,2024-11-05 08:26:19
418,Max,Fischer,1969-09-01,Kirchstraße,96,80188,Frankfurt,b418@example.com,+49 891 4278644,2024-09-13 08:26:19
419,Stefan,Klein,1985-07-03,Hauptstraße,8,99859,Hannover,c419@example.com,+49 850 5112546,2024-09-19 08:26:19
420,Andreas,Klein,1964-02-15,Schulstraße,64,17597,Düsseldorf,c420@example.com,+49 254 1107003,2024-08-01 08:26:19
421,Max,Klein,1957-11-27,Dorfstraße,138,57093,Essen,c421@example.com,+49 519 1401147,2024-07-10 08:26:19
422,Max,Becker,1959-08-23,Gartenstraße,38,47226,Hamburg,a422@example.com,+49 338 6812025,2024-12-07 08:26:19
423,Michael,Meyer,1968-09-23,Lindenallee,111,82127,Nürnberg,a423@example.com,+49 751 1160974,2024-07-28 08:26:19
424,Sophie,Richter,1967-07-27,Gartenstraße,112,87362,Nürnberg,e424@example.com,+49 443 1024528,2024-10-08 08:26:19
425,Stefan,Hoffmann,1980-08-08,Dorfstraße,81,36417,Frankfurt,b425@example.com,+49 877 7312844,2025-02-12 08:26:19
426,Sarah,Koch,1979-09-05,Dorfstraße,136,28693,Dortmund,e426@example.com,+49 969 6159172,2024-12-04 08:26:19
427,Lisa,Wagner,1974-04-20,Schulstraße,104,89674,Bremen,a427@example.com,+49 206 4442590,2025-07-02 08:26:19
428,Thomas,Richter,1982-12-05,Dorfstraße,73,63161,München,b428@example.com,+49 642 4995789,2024-10-14 08:26:19
429,Anna,Becker,1954-05-25,Hauptstraße,49,12169,Nürnberg,d429@example.com,+49 529 9254874,2025-05-15 08:26:19
430,Thomas,Schmidt,2000-07-11,Bergstraße,36,94092,Dortmund,b430@example.com,+49 161 3388630,2025-06-26 08:26:19
431,Anna,Bauer,2000-09-09,Dorfstraße,126,32052,Nürnberg,a431@example.com,+49 828 5694689,2024-12-25 08:26:19
432,Andreas,Hoffmann,1950-05-24,Gartenstraße,68,81849,Bremen,d432@example.com,+49 195 1736524,2025-04-25 08:26:19
433,Laura,Richter,1969-10-19,Dorfstraße,78,83851,Stuttgart,d433@example.com,+49 337 9720112,2025-06-11 08:26:19
434,Stefan,Schäfer,1992-08-28,Hauptstraße,105,18036,Köln,b434@example.com,+49 522 7249378,2024-07-30 08:26:19
435,Thomas,Becker,1959-08-18,Wiesenweg,122,41778,Düsseldorf,c435@example.com,+49 569 2424426,2025-06-10 08:26:19
436,Felix,Schneider,1980-06-11,Wiesenweg,119,37734,Leipzig,a436@example.com,+49 694 2603516,2025-03-28 08:26:19
437,Stefan,Wagner,1985-09-13,Kirchstraße,114,33173,Stuttgart,a437@example.com,+49 617 3239990,2025-02-22 08:26:19
438,Felix,Schneider,1979-06-28,Lindenallee,10,40403,Frankfurt,c438@example.com,+49 752 7616116,2025-04-17 08:26:19
439,Julia,Klein,1962-12-08,Bahnhofstraße,149,76321,Stuttgart,e439@example.com,+49 176 2044933,2025-02-12 08:26:19
440,Sophie,Wagner,1986-07-08,Bergstraße,140,81675,Frankfurt,e440@example.com,+49 545 3192921,2024-07-24 08:26:19
441,Anna,Richter,1999-07-02,Waldstraße,91,16344,Leipzig,a441@example.com,+49 342 5893511,2025-03-02 08:26:19
442,Stefan,Schäfer,1970-12-16,Kirchstraße,2,28800,Berlin,c442@example.com,+49 367 6284972,2025-04-25 08:26:19
443,Anna,Klein,1995-07-13,Lindenallee,118,35372,Bremen,c443@example.com,+49 920 7592651,2025-06-07 08:26:19
444,Stefan,Koch,1992-11-05,Wiesenweg,13,71516,Düsseldorf,d444@example.com,+49 817 6473593,2024-07-20 08:26:19
445,Paul,Bauer,1981-01-05,Gartenstraße,95,30538,Essen,e445@example.com,+49 425 8596016,2025-02-07 08:26:19
446,Maria,Schmidt,1982-10-11,Waldstraße,144,73918,Essen,e446@example.com,+49 378 4919346,2025-03-26 08:26:19
447,Sophie,Hoffmann,1956-08-04,Lindenallee,32,24973,Bremen,d447@example.com,+49 176 4400953,2024-10-04 08:26:19
448,Michael,Meyer,1983-08-01,Lindenallee,32,81155,Hamburg,b448@example.com,+49 239 2828260,2025-06-22 08:26:19
449,Julia,Schneider,1996-03-14,Kirchstraße,124,69500,Nürnberg,e449@example.com,+49 259 2772642,2025-01-06 08:26:19
450,Michael,Schneider,1991-03-03,Waldstraße,11,46575,Dortmund,d450@example.com,+49 268 8542478,2024-11-19 08:26:19
451,Andreas,Klein,1980-05-11,Schulstraße,10,52261,Berlin,c451@example.com,+49 577 6268604,2025-05-17 08:26:19
452,Andreas,Schulz,1989-12-13,Bahnhofstraße,15,37716,Bremen,b452@example.com,+49 516 3025626,2024-08-27 08:26:19
453,Michael,Wagner,1991-02-28,Schulstraße,17,13236,Essen,a453@example.com,+49 648 7011065,2024-07-28 08:26:19
454,Michael,Weber,1971-11-28,Waldstraße,146,25848,Stuttgart,c454@example.com,+49 888 4483557,2024-09-24 08:26:19
455,Sarah,Koch,1984-07-11,Schulstraße,59,12352,Dortmund,b455@example.com,+49 562 6172545,2025-03-16 08:26:19
456,Sophie,Hoffmann,1990-12-25,Hauptstraße,78,11932,Berlin,d456@example.com,+49 574 5446095,2024-08-11 08:26:19
457,Michael,Wagner,1981-09-02,Wiesenweg,124,86449,Köln,c457@example.com,+49 972 3011815,2024-09-24 08:26:19
458,Felix,Schulz,1989-02-08,Hauptstraße,114,18556,Köln,b458@example.com,+49 192 3644347,2024-12-21 08:26:19
459,Maria,Müller,1990-11-10,Dorfstraße,22,96836,Dortmund,a459@example.com,+49 926 6103880,2025-03-09 08:26:19
460,Maria,Wagner,1964-12-03,Schulstraße,32,15498,Bremen,c460@example.com,+49 946 1676621,2024-10-20 08:26:19
461,Max,Meyer,1977-02-25,Dorfstraße,113,86118,Frankfurt,c461@example.com,+49 320 6499465,2024-07-17 08:26:19
462,Laura,Hoffmann,1990-12-28,Gartenstraße,120,60098,Frankfurt,e462@example.com,+49 251 2530298,2025-02-11 08:26:19
463,Andreas,Richter,1956-08-06,Bergstraße,149,74386,Stuttgart,b463@example.com,+49 828 5164420,2024-07-19 08:26:19
464,Anna,Koch,1994-05-01,Gartenstraße,122,19569,Berlin,b464@example.com,+49 464 7647878,2024-08-02 08:26:19
465,Paul,Schulz,1952-06-26,Waldstraße,32,66882,Berlin,e465@example.com,+49 625 1821255,2025-06-14 08:26:19
466,Lena,Müller,1953-05-12,Lindenallee,119,80393,Dortmund,d466@example.com,+49 793 6013715,2024-12-25 08:26:19
467,Stefan,Bauer,1973-07-05,Wiesenweg,39,10340,München,d467@example.com,+49 366 3917016,2024-12-22 08:26:19
468,Anna,Fischer,1965-09-14,Schulstraße,12,53949,Köln,e468@example.com,+49 131 7784575,2024-12-07 08:26:19
469,Laura,Schulz,1986-11-26,Kirchstraße,18,92302,Berlin,c469@example.com,+49 975 8586676,2024-07-23 08:26:19
470,Paul,Fischer,1961-03-06,Bergstraße,149,72443,Dortmund,a470@example.com,+49 669 5191831,2025-01-29 08:26:19
471,Sarah,Hoffmann,1955-10-28,Bahnhofstraße,141,84027,Leipzig,d471@example.com,+49 196 8751799,2024-09-29 08:26:19
472,Stefan,Schneider,1974-10-22,Bahnhofstraße,149,10138,Hamburg,a472@example.com,+49 204 3345338,2025-06-11 08:26:19
473,Sophie,Schulz,1965-08-19,Bahnhofstraße,126,10358,Leipzig,b473@example.com,+49 224 1200603,2025-07-02 08:26:19
474,Thomas,Bauer,1959-04-15,Schulstraße,136,85250,Düsseldorf,b474@example.com,+49 163 4729376,2025-03-02 08:26:19
475,Sophie,Schmidt,1990-05-15,Bahnhofstraße,46,95376,Bremen,d475@example.com,+49 233 4324120,2025-03-27 08:26:19
476,Stefan,Klein,1966-11-01,Hauptstraße,104,40654,Stuttgart,c476@example.com,+49 943 7720647,2024-08-25 08:26:19
477,Anna,Fischer,1979-05-22,Bergstraße,135,35879,Berlin,b477@example.com,+49 481 2409947,2024-11-24 08:26:19
478,Stefan,Klein,1984-03-03,Hauptstraße,86,91532,Düsseldorf,a478@example.com,+49 696 5342289,2025-03-15 08:26:19
479,Anna,Meyer,1978-06-19,Lindenallee,89,65778,Essen,c479@example.com,+49 932 2258076,2024-08-18 08:26:19
480,Paul,Schmidt,1969-11-14,Bergstraße,22,47772,Düsseldorf,d480@example.com,+49 122 2081661,2024-07-13 08:26:19
481,Paul,Klein,1994-05-15,Hauptstraße,92,68478,Hannover,b481@example.com,+49 302 8439543,2024-07-10 08:26:19
482,Andreas,Becker,1969-04-13,Bergstraße,29,74353,Nürnberg,d482@example.com,+49 928 3160763,2024-08-11 08:26:19
483,Sarah,Becker,1980-02-08,Lindenallee,13,36762,Dortmund,c483@example.com,+49 194 6562484,2025-01-01 08:26:19
484,Andreas,Müller,1974-10-12,Dorfstraße,2,23283,Berlin,c484@example.com,+49 225 1716325,2024-09-10 08:26:19
485,Laura,Koch,1986-05-23,Schulstraße,29,73922,Hamburg,c485@example.com,+49 572 1849559,2024-10-02 08:26:19
486,Michael,Schneider,1968-01-27,Schulstraße,27,49420,Bremen,e486@example.com,+49 272 8267158,2024-09-03 08:26:19
487,Sophie,Hoffmann,1992-07-09,Bahnhofstraße,50,65568,Dortmund,e487@example.com,+49 941 7626978,2025-03-30 08:26:19
488,Paul,Schulz,1950-10-28,Gartenstraße,95,95090,Hannover,a488@example.com,+49 608 1494630,2025-03-31 08:26:19
489,Lisa,Weber,1993-12-02,Bahnhofstraße,88,30219,Dortmund,c489@example.com,+49 491 8158234,2025-02-08 08:26:19
490,Laura,Meyer,1988-12-16,Waldstraße,44,67169,Hannover,c490@example.com,+49 276 6938182,2024-11-21 08:26:19
491,Felix,Fischer,1968-04-20,Hauptstraße,22,84965,Stuttgart,b491@example.com,+49 319 4139874,2025-04-09 08:26:19
492,Sarah,Hoffmann,1972-04-21,Bergstraße,97,56840,Stuttgart,a492@example.com,+49 381 5695180,2024-07-24 08:26:19
493,Anna,Schmidt,1962-10-09,Gartenstraße,3,54695,Köln,a493@example.com,+49 556 3493621,2025-05-31 08:26:19
494,Andreas,Schäfer,1993-12-25,Lindenallee,118,94754,Köln,d494@example.com,+49 135 5123584,2025-04-04 08:26:19
495,Laura,Becker,1992-11-27,Waldstraße,19,87988,Frankfurt,c495@example.com,+49 762 5951043,2025-04-11 08:26:19
496,Lena,Schäfer,1958-11-04,Lindenallee,23,68342,München,b496@example.com,+49 610 7912082,2024-10-18 08:26:19
497,Sophie,Bauer,1990-11-02,Schulstraße,30,28951,Berlin,d497@example.com,+49 663 9036805,2025-05-08 08:26:19
498,Paul,Meyer,1969-08-02,Schulstraße,39,11307,Berlin,e498@example.com,+49 162 2471723,2024-12-27 08:26:19
499,Anna,Weber,1987-06-24,Bahnhofstraße,108,90388,Dresden,c499@example.com,+49 386 7425930,2025-06-18 08:26:19
500,Thomas,Schulz,1958-02-10,Hauptstraße,111,45428,Hannover,a500@example.com,+49 240 8033593,2024-12-01 08:26:19
501,Lena,Müller,1970-12-14,Gartenstraße,25,85774,Düsseldorf,c501@example.com,+49 304 9821696,2025-02-16 08:26:19
502,Sarah,Weber,1961-04-05,Wiesenweg,128,48975,Berlin,c502@example.com,+49 355 1327658,2024-09-27 08:26:19
503,Laura,Meyer,2000-09-12,Waldstraße,111,11140,Berlin,e503@example.com,+49 491 7024901,2025-02-23 08:26:19
504,Stefan,Weber,1983-09-09,Waldstraße,136,34842,München,b504@example.com,+49 591 9131572,2025-05-03 08:26:19
505,Julia,Meyer,1960-05-27,Bahnhofstraße,106,36421,Essen,b505@example.com,+49 452 9428760,2025-04-17 08:26:19
506,Anna,Meyer,1980-05-24,Schulstraße,144,11708,Köln,b506@example.com,+49 429 7515956,2024-09-12 08:26:19
507,Stefan,Wagner,1971-02-15,Bahnhofstraße,72,13630,Köln,d507@example.com,+49 376 4016809,2025-02-28 08:26:19
508,Sophie,Fischer,1954-03-25,Bergstraße,129,29595,Hamburg,b508@example.com,+49 126 6349877,2025-07-06 08:26:19
509,Stefan,Richter,1964-11-24,Gartenstraße,108,86021,Berlin,d509@example.com,+49 711 4674549,2025-01-20 08:26:19
510,Max,Schäfer,1993-07-28,Hauptstraße,5,38308,München,e510@example.com,+49 130 5713268,2024-11-12 08:26:19
511,Lisa,Richter,1985-06-03,Dorfstraße,3,54789,Bremen,c511@example.com,+49 159 8913550,2024-07-10 08:26:19
512,David,Richter,2000-07-01,Kirchstraße,132,65690,Köln,d512@example.com,+49 642 6996728,2025-04-20 08:26:19
513,Lena,Richter,1966-09-04,Kirchstraße,104,36086,München,e513@example.com,+49 885 4905100,2025-06-18 08:26:19
514,Michael,Klein,1979-06-22,Bahnhofstraße,64,26859,Leipzig,d514@example.com,+49 263 2679975,2025-04-21 08:26:19
515,David,Becker,1997-11-09,Bergstraße,106,17684,Nürnberg,e515@example.com,+49 353 5045872,2025-01-24 08:26:19
516,Sophie,Wagner,1987-07-27,Gartenstraße,98,11207,Essen,b516@example.com,+49 372 9953825,2024-09-06 08:26:19
517,Felix,Schulz,1990-06-04,Wiesenweg,10,56099,Berlin,b517@example.com,+49 935 1937991,2025-06-12 08:26:19
518,Andreas,Wagner,1993-04-16,Kirchstraße,149,77496,Nürnberg,e518@example.com,+49 882 4681115,2024-08-22 08:26:19
519,Felix,Schneider,1951-10-18,Gartenstraße,128,76093,Hamburg,a519@example.com,+49 689 7516648,2024-08-27 08:26:19
520,Max,Schneider,1970-10-08,Hauptstraße,46,39689,Hannover,e520@example.com,+49 463 3914404,2024-08-04 08:26:19
521,Stefan,Klein,1991-02-21,Lindenallee,66,58651,Düsseldorf,d521@example.com,+49 280 4968669,2025-02-04 08:26:19
522,Lena,Becker,1979-12-10,Bergstraße,112,23893,Köln,e522@example.com,+49 706 6335227,2024-10-30 08:26:19
523,Michael,Weber,1991-07-04,Schulstraße,13,76418,Leipzig,c523@example.com,+49 925 7019382,2024-09-18 08:26:19
524,Julia,Fischer,1958-01-02,Gartenstraße,137,70011,Bremen,a524@example.com,+49 705 1473227,2024-09-30 08:26:19
525,Max,Becker,1969-08-04,Hauptstraße,86,48635,Hannover,e525@example.com,+49 820 6900247,2025-01-06 08:26:19
526,Lena,Klein,1956-04-18,Wiesenweg,90,66115,München,a526@example.com,+49 681 3384080,2025-06-01 08:26:19
527,Maria,Meyer,1958-07-15,Dorfstraße,58,88405,Stuttgart,a527@example.com,+49 676 4158036,2024-07-11 08:26:19
528,David,Schmidt,1973-11-24,Schulstraße,54,82702,Dortmund,e528@example.com,+49 956 9258194,2025-01-27 08:26:19
529,Max,Fischer,1994-09-14,Dorfstraße,12,88518,Berlin,e529@example.com,+49 655 6185050,2024-10-12 08:26:19
530,David,Koch,1987-12-24,Wiesenweg,14,82805,Berlin,b530@example.com,+49 279 9228157,2025-03-18 08:26:19
531,Anna,Schäfer,1959-07-21,Hauptstraße,121,68954,Leipzig,e531@example.com,+49 138 2514267,2025-04-05 08:26:19
532,Felix,Fischer,1956-08-20,Kirchstraße,121,38064,München,e532@example.com,+49 157 4902772,2024-10-15 08:26:19
533,Anna,Klein,1976-05-02,Dorfstraße,20,89063,Frankfurt,b533@example.com,+49 716 4671004,2025-06-04 08:26:19
534,Lisa,Meyer,1994-06-07,Schulstraße,75,12454,Berlin,b534@example.com,+49 120 9832340,2024-10-23 08:26:19
535,Maria,Meyer,1978-08-08,Bahnhofstraße,144,30878,Frankfurt,c535@example.com,+49 589 1011467,2025-04-18 08:26:19
536,Michael,Müller,1973-02-22,Waldstraße,70,61098,Bremen,e536@example.com,+49 439 4380011,2024-12-08 08:26:19
537,Stefan,Richter,1973-09-21,Gartenstraße,56,72154,Stuttgart,d537@example.com,+49 925 3189251,2024-10-03 08:26:19
538,Julia,Becker,1972-01-13,Kirchstraße,101,22991,Leipzig,a538@example.com,+49 448 3977282,2024-10-07 08:26:19
539,Sarah,Meyer,1967-04-04,Dorfstraße,132,78344,Hannover,b539@example.com,+49 921 6428919,2024-12-14 08:26:19
540,David,Schneider,1979-02-22,Lindenallee,111,46593,Nürnberg,e540@example.com,+49 160 1367637,2025-05-22 08:26:19
541,Julia,Richter,1963-11-21,Gartenstraße,125,46304,München,d541@example.com,+49 251 3376537,2025-01-11 08:26:19
542,David,Schulz,1988-01-02,Bahnhofstraße,132,40386,München,a542@example.com,+49 892 2860938,2025-03-17 08:26:19
543,Sophie,Schmidt,2000-06-08,Wiesenweg,20,65220,Dresden,e543@example.com,+49 966 9829762,2025-03-21 08:26:19
544,Max,Klein,1958-10-07,Waldstraße,138,79338,Bremen,d544@example.com,+49 981 7121835,2024-08-03 08:26:19
545,Lisa,Schäfer,1954-09-07,Hauptstraße,24,31083,Bremen,a545@example.com,+49 174 7267813,2025-01-20 08:26:19
546,Felix,Becker,1987-04-27,Bahnhofstraße,37,28354,Essen,d546@example.com,+49 821 7636992,2025-01-20 08:26:19
547,Sarah,Hoffmann,1964-06-25,Bahnhofstraße,54,32190,Dortmund,b547@example.com,+49 700 2695038,2025-01-05 08:26:19
548,Paul,Schneider,1959-10-01,Wiesenweg,103,16142,Köln,e548@example.com,+49 444 6062779,2025-02-08 08:26:19
549,David,Bauer,1967-03-05,Bergstraße,149,38398,Köln,d549@example.com,+49 430 3289279,2025-03-19 08:26:19
550,Julia,Koch,1984-05-26,Wiesenweg,38,61971,Dresden,d550@example.com,+49 261 8329435,2024-08-26 08:26:19
551,Lisa,Weber,1961-02-22,Bergstraße,4,51862,Düsseldorf,e551@example.com,+49 910 9173859,2024-10-10 08:26:19
552,Thomas,Meyer,1951-03-01,Bergstraße,57,63410,Hamburg,a552@example.com,+49 764 6323132,2024-11-07 08:26:19
553,Sarah,Hoffmann,1972-04-19,Kirchstraße,20,29503,Leipzig,e553@example.com,+49 278 6986539,2024-09-24 08:26:19
554,Thomas,Meyer,1970-01-06,Kirchstraße,17,58456,Stuttgart,d554@example.com,+49 328 3941912,2024-08-10 08:26:19
555,Anna,Fischer,1966-01-05,Schulstraße,119,92035,München,c555@example.com,+49 487 6147639,2025-07-04 08:26:19
556,Felix,Schneider,1997-07-17,Dorfstraße,71,18016,Dortmund,a556@example.com,+49 851 5941179,2025-05-11 08:26:19
557,Stefan,Fischer,1957-12-03,Dorfstraße,4,12384,Frankfurt,d557@example.com,+49 230 3981450,2024-07-31 08:26:19
558,Andreas,Müller,1980-08-25,Hauptstraße,14,72320,Leipzig,c558@example.com,+49 846 1030163,2025-01-12 08:26:19
559,Stefan,Fischer,1973-09-19,Dorfstraße,3,25072,Düsseldorf,a559@example.com,+49 818 7569981,2024-11-22 08:26:19
560,Andreas,Müller,1956-08-17,Kirchstraße,80,90018,Nürnberg,b560@example.com,+49 971 1543292,2025-03-07 08:26:19
561,Paul,Koch,1964-10-02,Schulstraße,55,50510,Leipzig,e561@example.com,+49 286 6338793,2024-08-14 08:26:19
562,Sophie,Klein,1996-11-17,Schulstraße,132,58933,Düsseldorf,a562@example.com,+49 928 4706007,2024-08-28 08:26:19
563,Julia,Müller,1969-08-21,Bergstraße,120,31826,München,a563@example.com,+49 754 2746679,2024-08-24 08:26:19
564,Lena,Hoffmann,1951-01-16,Wiesenweg,24,78026,Hamburg,d564@example.com,+49 608 3359604,2025-03-06 08:26:19
565,Paul,Richter,1975-07-22,Hauptstraße,82,35518,Düsseldorf,c565@example.com,+49 439 2305378,2025-06-18 08:26:19
566,Max,Meyer,1956-08-23,Bergstraße,147,34045,München,a566@example.com,+49 343 6818508,2024-07-24 08:26:19
567,Max,Weber,1978-02-03,Wiesenweg,60,60876,München,e567@example.com,+49 427 3816683,2025-01-25 08:26:19
568,Stefan,Richter,1970-10-05,Dorfstraße,147,61919,Hamburg,a568@example.com,+49 751 2488575,2024-12-25 08:26:19
569,Julia,Schäfer,1954-03-09,Bergstraße,49,37103,Köln,a569@example.com,+49 941 6632941,2025-05-11 08:26:19
570,Lena,Klein,1989-11-19,Gartenstraße,63,46188,Leipzig,d570@example.com,+49 557 1191186,2024-12-23 08:26:19
571,Michael,Fischer,1985-12-11,Dorfstraße,110,15845,Dresden,a571@example.com,+49 371 4517918,2025-02-27 08:26:19
572,Sophie,Bauer,1974-10-17,Wiesenweg,109,96698,Berlin,c572@example.com,+49 355 2137407,2024-10-05 08:26:19
573,Lisa,Schäfer,1968-08-17,Hauptstraße,76,46674,Berlin,d573@example.com,+49 458 5306005,2025-02-14 08:26:19
574,David,Schneider,1988-07-04,Wiesenweg,30,29337,Dresden,b574@example.com,+49 905 2812519,2025-06-26 08:26:19
575,Lena,Müller,2000-12-04,Bergstraße,58,32313,Nürnberg,b575@example.com,+49 837 1021494,2024-10-17 08:26:19
576,Andreas,Meyer,1991-11-25,Bergstraße,117,36943,Frankfurt,d576@example.com,+49 149 7474950,2024-12-29 08:26:19
577,Sarah,Schmidt,1985-12-28,Bahnhofstraße,100,87949,Bremen,c577@example.com,+49 548 8040612,2024-10-18 08:26:19
578,Michael,Becker,1963-07-15,Hauptstraße,19,10276,Frankfurt,d578@example.com,+49 270 7946088,2024-10-21 08:26:19
579,David,Hoffmann,1964-07-11,Lindenallee,94,61151,Bremen,d579@example.com,+49 604 7353742,2024-11-22 08:26:19
580,David,Weber,1979-07-14,Dorfstraße,113,27611,Dresden,d580@example.com,+49 459 7297287,2024-11-01 08:26:19
581,Michael,Wagner,1996-02-11,Schulstraße,146,21944,Berlin,d581@example.com,+49 203 9044494,2025-06-16 08:26:19
582,Anna,Hoffmann,1977-06-22,Hauptstraße,63,62887,Stuttgart,a582@example.com,+49 907 4784650,2025-02-07 08:26:19
583,Thomas,Koch,1966-06-05,Schulstraße,116,91442,Berlin,e583@example.com,+49 266 8571346,2024-08-09 08:26:19
584,David,Schmidt,1993-08-03,Hauptstraße,113,59847,Frankfurt,b584@example.com,+49 175 1560573,2025-04-01 08:26:19
585,Michael,Bauer,1955-02-03,Hauptstraße,47,68653,Dortmund,c585@example.com,+49 401 1336852,2025-01-25 08:26:19
586,Lena,Becker,1977-02-24,Wiesenweg,57,96072,Dresden,a586@example.com,+49 426 5380995,2024-10-18 08:26:19
587,Michael,Schmidt,1997-06-26,Hauptstraße,118,66622,Nürnberg,b587@example.com,+49 207 2244876,2025-05-27 08:26:19
588,Maria,Fischer,1958-09-02,Bahnhofstraße,45,37810,Frankfurt,e588@example.com,+49 450 3853891,2025-05-20 08:26:19
589,Paul,Müller,1987-09-18,Lindenallee,145,87842,Stuttgart,d589@example.com,+49 484 3699529,2025-04-14 08:26:19
590,Laura,Klein,1971-11-04,Bergstraße,4,20503,Leipzig,e590@example.com,+49 849 2258331,2024-10-06 08:26:19
591,Anna,Weber,1976-06-28,Waldstraße,148,94761,Bremen,b591@example.com,+49 660 2562037,2024-10-08 08:26:19
592,Felix,Schulz,1992-07-28,Schulstraße,47,46976,Berlin,b592@example.com,+49 446 9098979,2025-07-05 08:26:19
593,Laura,Müller,1996-01-10,Bergstraße,143,21590,Nürnberg,a593@example.com,+49 821 1519979,2024-08-22 08:26:19
594,Paul,Schulz,1988-05-12,Waldstraße,47,20886,Hamburg,a594@example.com,+49 541 3768193,2025-06-05 08:26:19
595,Paul,Schäfer,1956-10-17,Lindenallee,78,22866,Dortmund,c595@example.com,+49 721 8284673,2025-03-23 08:26:19
596,Paul,Klein,1963-03-22,Lindenallee,124,76624,München,d596@example.com,+49 260 1898516,2024-07-30 08:26:19
597,Laura,Becker,1980-04-28,Schulstraße,75,78899,Stuttgart,e597@example.com,+49 203 6554845,2024-08-20 08:26:19
598,Julia,Meyer,1956-06-28,Schulstraße,103,42792,Frankfurt,d598@example.com,+49 310 4187406,2025-03-21 08:26:19
599,Thomas,Wagner,1985-06-04,Lindenallee,137,19764,Bremen,e599@example.com,+49 519 5450404,2024-07-23 08:26:19
600,Michael,Schneider,1998-05-19,Waldstraße,90,96156,Hamburg,d600@example.com,+49 776 5723173,2024-12-03 08:26:19
601,Sarah,Richter,1964-07-28,Hauptstraße,144,52727,Nürnberg,b601@example.com,+49 404 4985398,2025-05-16 08:26:19
602,Stefan,Klein,1985-10-20,Dorfstraße,69,88471,Düsseldorf,b602@example.com,+49 198 1832744,2025-03-25 08:26:19
603,Thomas,Müller,1993-11-18,Gartenstraße,61,18068,Köln,d603@example.com,+49 502 9236745,2024-10-06 08:26:19
604,Andreas,Weber,1951-10-22,Bergstraße,138,17295,Berlin,c604@example.com,+49 257 1914439,2024-07-14 08:26:19
605,Lena,Richter,1994-05-01,Wiesenweg,50,51160,Hannover,b605@example.com,+49 469 1064014,2024-11-28 08:26:19
606,Sophie,Koch,1961-05-23,Bergstraße,3,21390,Köln,c606@example.com,+49 537 2470159,2024-08-11 08:26:19
607,Julia,Koch,1998-05-11,Wiesenweg,107,30131,Stuttgart,b607@example.com,+49 401 9058573,2025-06-02 08:26:19
608,Felix,Schmidt,1972-01-06,Waldstraße,113,85969,Düsseldorf,a608@example.com,+49 304 2627170,2024-07-22 08:26:19
609,Thomas,Richter,1959-10-22,Wiesenweg,94,25038,Düsseldorf,a609@example.com,+49 126 4472094,2025-04-21 08:26:19
610,Stefan,Weber,1975-02-05,Schulstraße,118,62327,Nürnberg,d610@example.com,+49 274 5895783,2025-06-26 08:26:19
611,Sarah,Becker,1997-11-01,Dorfstraße,81,87064,Düsseldorf,e611@example.com,+49 183 8945197,2024-11-15 08:26:19
612,Max,Schäfer,1955-12-17,Dorfstraße,109,31281,München,a612@example.com,+49 964 2937918,2025-01-20 08:26:19
613,Paul,Schulz,1963-07-14,Schulstraße,51,64189,Stuttgart,b613@example.com,+49 415 7668395,2025-06-19 08:26:19
614,David,Schmidt,1979-06-06,Bahnhofstraße,147,58511,Hannover,b614@example.com,+49 582 9205682,2025-05-25 08:26:19
615,Andreas,Koch,1973-05-24,Waldstraße,35,18605,Leipzig,a615@example.com,+49 776 5446036,2025-06-01 08:26:19
616,Sophie,Schneider,1970-10-20,Bahnhofstraße,46,11381,Köln,a616@example.com,+49 193 7501626,2025-06-11 08:26:19
617,Anna,Schneider,1955-01-05,Bahnhofstraße,69,76634,Hannover,e617@example.com,+49 289 7224691,2025-04-08 08:26:19
618,Felix,Müller,1960-10-02,Bergstraße,93,29810,Leipzig,a618@example.com,+49 490 7197531,2025-03-02 08:26:19
619,Lena,Becker,1993-02-09,Lindenallee,64,34322,Hamburg,d619@example.com,+49 291 8478868,2024-09-26 08:26:19
620,Sophie,Meyer,1978-11-14,Bergstraße,49,51869,Essen,e620@example.com,+49 145 5417373,2025-06-02 08:26:19
621,Paul,Koch,1981-10-15,Lindenallee,149,42955,Dortmund,a621@example.com,+49 550 8802377,2024-09-17 08:26:19
622,David,Bauer,1976-05-07,Gartenstraße,74,71388,Dortmund,b622@example.com,+49 369 4795715,2025-03-14 08:26:19
623,Julia,Becker,1998-09-04,Wiesenweg,5,20207,Leipzig,a623@example.com,+49 957 5505722,2025-02-26 08:26:19
624,David,Schäfer,1972-07-04,Lindenallee,100,97329,Essen,d624@example.com,+49 677 2034137,2024-12-12 08:26:19
625,Laura,Schulz,1968-11-22,Schulstraße,70,77628,Nürnberg,d625@example.com,+49 254 2622400,2024-12-22 08:26:19
626,David,Weber,1987-08-17,Bergstraße,90,38220,Hannover,b626@example.com,+49 187 6767862,2024-11-20 08:26:19
627,Laura,Richter,1992-05-02,Waldstraße,4,94050,Essen,e627@example.com,+49 927 7945543,2024-08-20 08:26:19
628,Andreas,Koch,1964-07-20,Wiesenweg,126,84085,Berlin,b628@example.com,+49 874 4817030,2024-12-13 08:26:19
629,Julia,Richter,1953-01-07,Gartenstraße,39,32031,Hamburg,a629@example.com,+49 666 2023137,2024-11-29 08:26:19
630,Lena,Schneider,1969-04-25,Lindenallee,129,80721,Stuttgart,b630@example.com,+49 960 7494562,2025-01-28 08:26:19
631,Lisa,Weber,1958-05-10,Gartenstraße,24,90807,Essen,e631@example.com,+49 938 9767475,2025-06-30 08:26:19
632,Paul,Weber,1970-02-01,Waldstraße,57,81312,Frankfurt,c632@example.com,+49 528 9984440,2024-12-21 08:26:19
633,Laura,Weber,1981-12-14,Bahnhofstraße,100,69766,Dresden,b633@example.com,+49 803 8966231,2024-07-29 08:26:19
634,Anna,Schneider,1961-03-13,Dorfstraße,70,22449,Nürnberg,e634@example.com,+49 686 4953417,2025-05-09 08:26:19
635,David,Schäfer,1984-12-08,Waldstraße,41,99833,Dortmund,c635@example.com,+49 587 6013906,2024-10-08 08:26:19
636,David,Richter,1982-09-27,Kirchstraße,60,66699,Frankfurt,e636@example.com,+49 180 7623718,2025-07-05 08:26:19
637,Anna,Hoffmann,1992-06-03,Waldstraße,108,91253,Hamburg,e637@example.com,+49 974 1582647,2024-08-14 08:26:19
638,Lena,Richter,1975-12-02,Gartenstraße,57,56092,Essen,c638@example.com,+49 614 9670757,2024-08-26 08:26:19
639,Max,Fischer,1977-01-15,Schulstraße,31,73671,Köln,b639@example.com,+49 919 3473761,2025-06-06 08:26:19
640,Stefan,Schulz,1954-06-19,Bergstraße,84,20350,Dortmund,c640@example.com,+49 223 8533636,2024-09-12 08:26:19
641,Andreas,Bauer,1977-10-13,Schulstraße,36,78487,Berlin,b641@example.com,+49 277 3804559,2025-06-15 08:26:19
642,Michael,Hoffmann,1995-11-14,Gartenstraße,108,27622,Bremen,e642@example.com,+49 316 4233407,2024-07-15 08:26:19
643,Stefan,Schulz,1968-02-13,Bergstraße,106,80263,Berlin,b643@example.com,+49 229 1715982,2025-06-01 08:26:19
644,Lisa,Schmidt,1951-06-06,Kirchstraße,86,63117,Dresden,d644@example.com,+49 533 2314805,2025-01-06 08:26:19
645,Felix,Becker,1989-08-27,Dorfstraße,135,68394,Düsseldorf,c645@example.com,+49 799 8304686,2024-10-24 08:26:19
646,Sarah,Becker,1994-06-03,Wiesenweg,14,33782,Bremen,c646@example.com,+49 306 3480985,2025-05-15 08:26:19
647,Laura,Wagner,1977-02-08,Gartenstraße,120,38454,München,a647@example.com,+49 954 5326615,2025-02-10 08:26:19
648,Anna,Becker,1977-10-13,Lindenallee,138,77904,Essen,e648@example.com,+49 427 2124274,2024-07-22 08:26:19
649,Stefan,Richter,1983-02-13,Gartenstraße,80,25592,Hamburg,e649@example.com,+49 189 7511223,2025-02-04 08:26:19
650,Sarah,Schneider,1969-12-11,Gartenstraße,144,32173,Dortmund,b650@example.com,+49 669 7666510,2024-09-01 08:26:19
651,Julia,Bauer,1964-06-25,Bergstraße,106,43204,München,d651@example.com,+49 665 6471499,2025-05-25 08:26:19
652,Stefan,Meyer,1960-02-17,Hauptstraße,70,45596,Hamburg,e652@example.com,+49 977 5633880,2025-02-14 08:26:19
653,Lena,Müller,1990-02-17,Waldstraße,44,44324,Dresden,d653@example.com,+49 632 8686601,2024-11-26 08:26:19
654,Laura,Wagner,1982-04-25,Hauptstraße,73,71202,Leipzig,a654@example.com,+49 994 1207430,2024-12-25 08:26:19
655,Michael,Klein,1972-06-24,Kirchstraße,45,99400,Essen,c655@example.com,+49 905 9767135,2024-12-18 08:26:19
656,Sarah,Klein,1991-03-08,Lindenallee,107,40750,Stuttgart,d656@example.com,+49 900 8039616,2024-08-04 08:26:19
657,Julia,Müller,1956-03-09,Dorfstraße,84,86112,Stuttgart,e657@example.com,+49 215 7953189,2025-06-23 08:26:19
658,Sophie,Schulz,1962-03-20,Bahnhofstraße,82,26566,Essen,c658@example.com,+49 253 3486379,2024-11-08 08:26:19
659,Paul,Müller,1959-11-03,Kirchstraße,107,17190,Bremen,d659@example.com,+49 680 2681144,2025-04-19 08:26:19
660,David,Müller,1961-11-16,Bahnhofstraße,21,98607,Düsseldorf,d660@example.com,+49 208 2694338,2024-10-08 08:26:19
661,Stefan,Klein,1979-10-25,Bahnhofstraße,7,48333,Düsseldorf,b661@example.com,+49 904 5799841,2025-03-18 08:26:19
662,Sophie,Wagner,1987-08-22,Dorfstraße,70,90905,Bremen,c662@example.com,+49 988 9986438,2025-04-30 08:26:19
663,Laura,Schmidt,1986-11-21,Schulstraße,127,99571,Hannover,d663@example.com,+49 452 7893590,2024-12-20 08:26:19
664,Michael,Richter,1989-06-28,Hauptstraße,143,11589,Stuttgart,b664@example.com,+49 370 7426403,2024-10-02 08:26:19
665,Lisa,Weber,1990-06-05,Gartenstraße,148,35235,Köln,e665@example.com,+49 770 9146760,2025-02-07 08:26:19
666,Sarah,Becker,1978-02-16,Wiesenweg,143,10159,Bremen,d666@example.com,+49 685 8936405,2024-08-18 08:26:19
667,Andreas,Becker,1978-11-10,Bahnhofstraße,149,22145,Dortmund,b667@example.com,+49 138 3889032,2025-04-26 08:26:19
668,Paul,Schneider,2000-05-19,Lindenallee,120,90909,Stuttgart,b668@example.com,+49 382 7760781,2025-02-06 08:26:19
669,Laura,Wagner,1953-06-17,Kirchstraße,128,41921,Köln,c669@example.com,+49 247 7739741,2024-07-27 08:26:19
670,Lena,Schneider,1954-05-15,Schulstraße,142,26237,Dresden,b670@example.com,+49 139 7640300,2024-08-11 08:26:19
671,Anna,Meyer,1978-01-02,Bahnhofstraße,57,18244,München,d671@example.com,+49 439 4985919,2024-12-29 08:26:19
672,Andreas,Meyer,1973-05-03,Schulstraße,58,24743,Köln,a672@example.com,+49 150 8972838,2025-07-03 08:26:19
673,Andreas,Schneider,1991-02-20,Schulstraße,21,56101,München,e673@example.com,+49 375 7248518,2024-09-28 08:26:19
674,Andreas,Wagner,1988-09-13,Bahnhofstraße,82,94227,Hamburg,d674@example.com,+49 120 6668452,2024-09-27 08:26:19
675,Thomas,Schneider,1979-10-18,Bergstraße,69,66378,Nürnberg,d675@example.com,+49 937 6084418,2025-04-27 08:26:19
676,Laura,Becker,2000-12-02,Waldstraße,131,81126,Frankfurt,e676@example.com,+49 418 5703436,2025-05-06 08:26:19
677,Paul,Hoffmann,1978-10-21,Lindenallee,87,66071,Hamburg,e677@example.com,+49 963 9248001,2025-06-17 08:26:19
678,Stefan,Fischer,1962-06-20,Gartenstraße,49,81121,Stuttgart,b678@example.com,+49 978 2647814,2025-07-06 08:26:19
679,David,Klein,1980-09-05,Gartenstraße,147,84763,München,d679@example.com,+49 989 4824490,2024-09-18 08:26:19
680,David,Klein,1953-08-04,Lindenallee,115,22237,Stuttgart,b680@example.com,+49 237 6041225,2024-09-06 08:26:19
681,Stefan,Bauer,1971-12-03,Bergstraße,89,25649,Bremen,c681@example.com,+49 861 8434162,2024-12-19 08:26:19
682,Laura,Müller,1982-11-06,Gartenstraße,85,47713,Essen,b682@example.com,+49 892 6383277,2024-10-06 08:26:19
683,Julia,Fischer,1952-04-23,Schulstraße,128,83463,Dortmund,c683@example.com,+49 375 7992286,2024-10-01 08:26:19
684,Thomas,Richter,1978-08-17,Dorfstraße,140,55409,Berlin,a684@example.com,+49 719 2497984,2025-05-26 08:26:19
685,Anna,Wagner,1983-10-06,Kirchstraße,117,58766,Stuttgart,d685@example.com,+49 292 8410774,2025-02-02 08:26:19
686,Andreas,Schäfer,1973-06-10,Hauptstraße,127,56154,Dortmund,c686@example.com,+49 316 7831185,2025-03-23 08:26:19
687,Andreas,Fischer,1974-07-25,Gartenstraße,71,17016,Bremen,a687@example.com,+49 858 9127895,2025-01-13 08:26:19
688,Laura,Bauer,1971-11-20,Lindenallee,86,89563,Köln,e688@example.com,+49 877 9665455,2025-03-22 08:26:19
689,Julia,Meyer,1953-11-21,Dorfstraße,33,58688,Bremen,b689@example.com,+49 988 7273172,2024-12-09 08:26:19
690,David,Schulz,1971-02-11,Bahnhofstraße,81,99678,Dresden,a690@example.com,+49 940 1942977,2024-08-12 08:26:19
691,David,Müller,1956-09-22,Waldstraße,61,64238,Hamburg,c691@example.com,+49 627 3667115,2024-10-19 08:26:19
692,Michael,Bauer,1974-05-09,Lindenallee,61,68608,Hannover,d692@example.com,+49 167 6219779,2025-04-27 08:26:19
693,Laura,Weber,1996-11-20,Schulstraße,98,99081,Köln,e693@example.com,+49 826 9502613,2025-04-17 08:26:19
694,Thomas,Schäfer,1959-06-03,Waldstraße,28,41897,Berlin,e694@example.com,+49 513 3275826,2025-04-05 08:26:19
695,Max,Wagner,1987-11-05,Kirchstraße,43,60961,München,a695@example.com,+49 899 9796063,2025-03-17 08:26:19
696,Thomas,Müller,1972-05-21,Kirchstraße,86,78703,Essen,a696@example.com,+49 682 1485669,2024-08-27 08:26:19
697,Lena,Richter,1994-11-13,Bergstraße,17,54757,Dortmund,b697@example.com,+49 277 4234033,2025-03-01 08:26:19
698,David,Fischer,1958-10-23,Wiesenweg,98,36917,Essen,e698@example.com,+49 996 4367636,2025-03-31 08:26:19
699,David,Meyer,1955-05-18,Bergstraße,98,32736,Frankfurt,e699@example.com,+49 957 1966829,2025-05-11 08:26:19
700,Sophie,Schmidt,1974-11-26,Dorfstraße,65,37990,Bremen,b700@example.com,+49 355 1554840,2025-04-07 08:26:19
701,David,Hoffmann,1971-03-22,Waldstraße,74,72551,Stuttgart,d701@example.com,+49 567 1848243,2024-07-30 08:26:19
702,Stefan,Weber,1994-12-22,Wiesenweg,85,68161,München,b702@example.com,+49 469 4340507,2024-09-21 08:26:19
703,Anna,Schäfer,1983-02-21,Bahnhofstraße,5,89623,Frankfurt,c703@example.com,+49 380 7179919,2025-06-11 08:26:19
704,Felix,Hoffmann,1992-07-17,Schulstraße,2,32440,Bremen,c704@example.com,+49 943 8788293,2024-09-30 08:26:19
705,Laura,Müller,1973-01-12,Waldstraße,22,45205,Leipzig,a705@example.com,+49 617 7659586,2024-11-14 08:26:19
706,Sarah,Meyer,1969-03-07,Bergstraße,112,90811,Stuttgart,b706@example.com,+49 750 3078241,2024-08-12 08:26:19
707,Thomas,Meyer,1971-08-07,Hauptstraße,57,65103,Köln,b707@example.com,+49 797 1512765,2024-09-30 08:26:19
708,Stefan,Bauer,1964-03-05,Wiesenweg,66,80812,Hamburg,a708@example.com,+49 347 7248955,2025-06-01 08:26:19
709,Felix,Klein,1954-05-28,Wiesenweg,74,51627,Nürnberg,d709@example.com,+49 600 8484373,2025-02-10 08:26:19
710,Stefan,Klein,2000-02-17,Schulstraße,98,29008,Dortmund,b710@example.com,+49 281 8962169,2024-07-30 08:26:19
711,Julia,Fischer,1999-09-27,Gartenstraße,144,81274,Hannover,e711@example.com,+49 700 6867997,2025-06-04 08:26:19
712,Max,Bauer,1997-09-02,Kirchstraße,112,42402,Dresden,b712@example.com,+49 452 3743303,2025-03-02 08:26:19
713,Anna,Becker,1992-06-25,Kirchstraße,125,63384,Berlin,d713@example.com,+49 957 5339593,2025-05-19 08:26:19
714,Paul,Fischer,1989-03-20,Hauptstraße,86,15793,Berlin,b714@example.com,+49 866 2516524,2025-03-29 08:26:19
715,Stefan,Becker,1974-03-06,Dorfstraße,76,15571,Hannover,e715@example.com,+49 391 1460542,2024-09-14 08:26:19
716,Stefan,Klein,1961-12-25,Dorfstraße,88,26209,Köln,c716@example.com,+49 495 1833006,2024-11-01 08:26:19
717,Maria,Bauer,1989-03-24,Bahnhofstraße,38,53148,Düsseldorf,c717@example.com,+49 266 4595669,2025-01-20 08:26:19
718,Thomas,Becker,1978-01-14,Waldstraße,59,12224,Berlin,d718@example.com,+49 977 4713654,2025-01-07 08:26:19
719,Felix,Weber,1973-11-24,Lindenallee,138,58695,Dortmund,d719@example.com,+49 762 4776753,2025-05-04 08:26:19
720,Paul,Bauer,1965-08-20,Gartenstraße,99,42441,Köln,e720@example.com,+49 793 4468370,2024-07-30 08:26:19
721,Max,Klein,1968-12-26,Bergstraße,63,49129,München,c721@example.com,+49 375 7870390,2024-08-07 08:26:19
722,Sophie,Fischer,1978-04-18,Lindenallee,49,72368,Berlin,c722@example.com,+49 625 1336422,2025-03-10 08:26:19
723,Paul,Koch,1965-05-26,Lindenallee,32,54760,Essen,c723@example.com,+49 985 1149283,2025-05-18 08:26:19
724,Anna,Bauer,2000-08-27,Wiesenweg,135,33478,Köln,c724@example.com,+49 585 3219862,2025-02-13 08:26:19
725,Anna,Schmidt,1962-06-22,Hauptstraße,21,81854,Dortmund,e725@example.com,+49 762 3905824,2024-08-25 08:26:19
726,Sarah,Schäfer,1986-08-15,Kirchstraße,20,95716,Hannover,d726@example.com,+49 715 1141997,2025-06-03 08:26:19
727,Sophie,Klein,1999-05-25,Bahnhofstraße,127,22180,Nürnberg,d727@example.com,+49 329 5234408,2025-03-31 08:26:19
728,Maria,Schneider,1974-09-17,Dorfstraße,68,25372,Essen,a728@example.com,+49 722 6124763,2025-01-27 08:26:19
729,Laura,Schneider,1976-03-27,Hauptstraße,110,39796,Stuttgart,d729@example.com,+49 829 5620085,2024-11-02 08:26:19
730,Paul,Fischer,1962-10-05,Wiesenweg,116,68272,Stuttgart,c730@example.com,+49 533 7316209,2024-11-20 08:26:19
731,Sophie,Fischer,1966-01-21,Bergstraße,143,99963,Berlin,b731@example.com,+49 972 6850369,2025-01-21 08:26:19
732,Anna,Hoffmann,1980-06-18,Bahnhofstraße,120,64040,Essen,c732@example.com,+49 570 5227836,2024-08-27 08:26:19
733,Anna,Schäfer,1956-12-28,Wiesenweg,79,85357,Hamburg,c733@example.com,+49 323 8829893,2024-08-05 08:26:19
734,Felix,Schäfer,1983-02-10,Kirchstraße,116,81368,Bremen,d734@example.com,+49 409 9734854,2025-02-02 08:26:19
735,David,Weber,1955-03-09,Kirchstraße,92,88356,Stuttgart,a735@example.com,+49 944 7663113,2024-07-18 08:26:19
736,Maria,Fischer,1978-09-05,Kirchstraße,14,26211,Hamburg,e736@example.com,+49 698 2716512,2024-09-12 08:26:19
737,Paul,Schäfer,1977-02-08,Hauptstraße,125,15842,München,b737@example.com,+49 107 9581776,2025-04-21 08:26:19
738,Sarah,Richter,1978-06-01,Hauptstraße,58,73115,Köln,b738@example.com,+49 778 7278533,2024-09-22 08:26:19
739,Sarah,Hoffmann,1976-01-13,Dorfstraße,28,76852,Bremen,a739@example.com,+49 674 5742531,2024-09-21 08:26:19
740,Paul,Becker,1982-06-08,Dorfstraße,26,55968,Frankfurt,c740@example.com,+49 405 2813693,2025-01-03 08:26:19
741,Lena,Meyer,1974-02-12,Bergstraße,113,27508,Dortmund,e741@example.com,+49 593 2071008,2025-01-28 08:26:19
742,Andreas,Meyer,1964-01-11,Bahnhofstraße,66,32005,Dresden,e742@example.com,+49 444 5638619,2024-12-01 08:26:19
743,Max,Becker,1956-12-21,Schulstraße,131,64575,Köln,e743@example.com,+49 755 6454894,2025-04-13 08:26:19
744,Sarah,Wagner,1971-03-05,Schulstraße,44,90742,Hannover,d744@example.com,+49 982 5645358,2025-07-06 08:26:19
745,Sophie,Klein,1952-05-27,Wiesenweg,97,28971,Bremen,c745@example.com,+49 367 6012883,2025-01-29 08:26:19
746,Max,Hoffmann,1980-12-27,Kirchstraße,42,35599,Dortmund,b746@example.com,+49 292 3515396,2025-03-04 08:26:19
747,Sophie,Richter,1958-12-16,Bahnhofstraße,6,97592,Bremen,b747@example.com,+49 629 5031599,2025-03-17 08:26:19
748,Julia,Schäfer,1978-10-01,Lindenallee,23,76914,Essen,c748@example.com,+49 158 7779646,2024-07-09 08:26:19
749,Anna,Koch,1955-01-09,Hauptstraße,89,77055,München,b749@example.com,+49 776 6361758,2024-08-14 08:26:19
750,David,Hoffmann,1963-03-18,Waldstraße,123,97697,Leipzig,d750@example.com,+49 797 3347627,2024-11-27 08:26:19
751,Felix,Bauer,1996-10-17,Gartenstraße,147,15355,Dresden,e751@example.com,+49 838 1427068,2025-02-17 08:26:19
752,Sarah,Becker,1977-02-25,Bergstraße,51,64120,Berlin,b752@example.com,+49 771 9344531,2025-01-05 08:26:19
753,David,Richter,1968-04-10,Kirchstraße,11,84619,Bremen,d753@example.com,+49 402 5352450,2025-05-01 08:26:19
754,David,Schmidt,1957-01-08,Kirchstraße,12,48342,Dortmund,e754@example.com,+49 528 7788043,2024-07-26 08:26:19
755,David,Schulz,1976-11-26,Kirchstraße,74,95992,Dortmund,c755@example.com,+49 497 1592554,2025-01-20 08:26:19
756,Andreas,Müller,1989-08-03,Hauptstraße,8,88860,Essen,c756@example.com,+49 697 4186247,2024-11-05 08:26:19
757,Max,Klein,1957-08-20,Hauptstraße,41,12257,Hamburg,d757@example.com,+49 451 4730635,2024-11-14 08:26:19
758,Sophie,Becker,1984-01-21,Gartenstraße,85,37364,Köln,d758@example.com,+49 802 9969688,2024-11-22 08:26:19
759,Lisa,Koch,1982-10-08,Lindenallee,72,34972,Hannover,d759@example.com,+49 753 8981512,2025-01-06 08:26:19
760,Julia,Schäfer,1995-03-10,Bahnhofstraße,55,36654,Leipzig,b760@example.com,+49 787 7014583,2025-02-02 08:26:19
761,Thomas,Koch,1977-01-20,Kirchstraße,137,90769,Düsseldorf,c761@example.com,+49 619 6036433,2024-11-01 08:26:19
762,David,Koch,1972-04-19,Schulstraße,47,91423,Berlin,b762@example.com,+49 965 3851902,2024-09-29 08:26:19
763,Laura,Fischer,1976-03-22,Dorfstraße,143,39320,Frankfurt,b763@example.com,+49 960 4038955,2025-05-14 08:26:19
764,Max,Fischer,1992-02-17,Schulstraße,104,30808,Düsseldorf,e764@example.com,+49 400 2637507,2025-04-10 08:26:19
765,Sarah,Weber,1973-02-17,Wiesenweg,42,62389,Köln,d765@example.com,+49 582 3146546,2024-08-12 08:26:19
766,Maria,Becker,1984-09-26,Schulstraße,60,44773,Berlin,b766@example.com,+49 858 5339457,2024-09-01 08:26:19
767,Sarah,Weber,1982-09-01,Wiesenweg,12,61168,Dortmund,e767@example.com,+49 842 4071377,2025-05-28 08:26:19
768,Felix,Becker,1974-08-02,Waldstraße,130,37747,Nürnberg,a768@example.com,+49 796 6630978,2025-02-15 08:26:19
769,Thomas,Klein,1990-07-12,Dorfstraße,7,86396,Frankfurt,e769@example.com,+49 770 2498202,2025-04-28 08:26:19
770,Lisa,Hoffmann,1966-12-01,Schulstraße,80,93692,Bremen,a770@example.com,+49 327 6960666,2024-10-06 08:26:19
771,Laura,Müller,1972-02-12,Waldstraße,131,67505,Hamburg,a771@example.com,+49 328 6152035,2025-03-30 08:26:19
772,Sarah,Koch,1965-12-22,Bergstraße,109,95896,Leipzig,a772@example.com,+49 530 6558579,2025-02-24 08:26:19
773,Lisa,Klein,1990-02-25,Bahnhofstraße,3,28135,Bremen,a773@example.com,+49 480 5371458,2024-08-22 08:26:19
774,Thomas,Hoffmann,1987-12-25,Waldstraße,27,57377,Hannover,d774@example.com,+49 699 5933359,2025-05-30 08:26:19
775,David,Schulz,1971-03-02,Bahnhofstraße,114,33554,Hamburg,b775@example.com,+49 574 2976045,2025-05-31 08:26:19
776,Laura,Meyer,1972-09-11,Schulstraße,107,72491,München,b776@example.com,+49 581 1900549,2025-06-29 08:26:19
777,Lisa,Schneider,1991-03-27,Lindenallee,40,65621,Nürnberg,a777@example.com,+49 987 2194801,2024-10-22 08:26:19
778,Felix,Bauer,1999-11-15,Waldstraße,129,68283,Essen,b778@example.com,+49 583 4263903,2024-08-19 08:26:19
779,Stefan,Richter,1994-08-21,Dorfstraße,8,95140,Berlin,a779@example.com,+49 612 3010177,2025-06-23 08:26:19
780,Sophie,Becker,1961-03-03,Schulstraße,101,26923,Bremen,b780@example.com,+49 988 7403346,2024-09-14 08:26:19
781,Anna,Schulz,1995-08-02,Kirchstraße,124,57591,Hamburg,e781@example.com,+49 642 6005578,2024-09-15 08:26:19
782,Sophie,Meyer,1968-04-02,Hauptstraße,107,72261,Nürnberg,d782@example.com,+49 523 1907009,2024-12-13 08:26:19
783,Stefan,Schäfer,2000-04-02,Waldstraße,101,64336,Düsseldorf,c783@example.com,+49 991 3529642,2024-09-09 08:26:19
784,Thomas,Wagner,1970-05-17,Dorfstraße,4,84083,Essen,a784@example.com,+49 240 4360419,2025-03-22 08:26:19
785,Max,Müller,1975-09-16,Bergstraße,110,70948,Hamburg,e785@example.com,+49 450 7865099,2025-06-20 08:26:19
786,Anna,Richter,1966-01-25,Kirchstraße,19,43002,Stuttgart,e786@example.com,+49 683 8676774,2024-09-29 08:26:19
787,Julia,Weber,1991-04-10,Bergstraße,32,90098,München,d787@example.com,+49 246 6308033,2025-02-25 08:26:19
788,Stefan,Weber,1972-01-28,Schulstraße,137,83016,Köln,d788@example.com,+49 983 4025884,2024-10-03 08:26:19
789,Felix,Hoffmann,1991-06-09,Hauptstraße,12,36672,Bremen,a789@example.com,+49 897 2355791,2024-10-05 08:26:19
790,Julia,Richter,1957-06-14,Waldstraße,139,14213,Hannover,a790@example.com,+49 599 6580596,2024-11-09 08:26:19
791,Andreas,Fischer,1975-12-15,Waldstraße,46,20293,Leipzig,e791@example.com,+49 746 3966618,2024-08-08 08:26:19
792,Stefan,Meyer,1974-06-06,Lindenallee,119,65860,Nürnberg,e792@example.com,+49 420 1973306,2025-04-23 08:26:19
793,Laura,Wagner,1981-12-16,Lindenallee,16,72507,München,d793@example.com,+49 104 8584194,2025-01-02 08:26:19
794,Paul,Schulz,1973-09-09,Schulstraße,129,67134,Essen,a794@example.com,+49 380 4512853,2024-12-20 08:26:19
795,Anna,Müller,1955-12-14,Schulstraße,63,12100,Stuttgart,a795@example.com,+49 879 3828735,2025-03-16 08:26:19
796,Julia,Klein,1955-07-20,Hauptstraße,109,71997,Berlin,e796@example.com,+49 690 3658100,2024-09-10 08:26:19
797,Sarah,Meyer,1961-09-10,Lindenallee,119,38172,Düsseldorf,c797@example.com,+49 601 2477088,2025-02-10 08:26:19
798,Julia,Wagner,1970-02-03,Dorfstraße,21,30132,Leipzig,e798@example.com,+49 232 8276470,2025-05-01 08:26:19
799,Lisa,Schneider,1970-11-10,Dorfstraße,13,28199,Bremen,c799@example.com,+49 748 8204299,2024-11-13 08:26:19
800,Sophie,Becker,1969-08-20,Hauptstraße,4,46609,Nürnberg,a800@example.com,+49 513 8197852,2024-10-25 08:26:19
